Date,Open,High,Low,Close ,Adj Close ,Volume
10-Apr-25,3.38,3.44,3.27,3.285,3.285,"13,173,954"
9-Apr-25,3.09,3.36,3.04,3.31,3.31,"78,276,600"
8-Apr-25,3.39,3.41,3.02,3.14,3.14,"78,198,000"
7-Apr-25,3.2,3.55,3.18,3.36,3.36,"73,974,800"
4-Apr-25,3.5,3.57,3.2,3.46,3.46,"77,685,600"
3-Apr-25,3.64,3.78,3.63,3.74,3.74,"36,666,500"
2-Apr-25,3.81,3.84,3.75,3.8,3.8,"46,021,100"
1-Apr-25,3.87,4,3.82,3.87,3.87,"43,177,400"
31-Mar-25,3.67,3.85,3.57,3.81,3.81,"64,817,600"
28-Mar-25,3.9,3.93,3.73,3.75,3.75,"78,965,100"
27-Mar-25,3.9,4.03,3.88,3.98,3.98,"156,708,300"
26-Mar-25,4.37,4.42,4.18,4.22,4.22,"62,695,600"
25-Mar-25,4.33,4.48,4.3,4.39,4.39,"38,082,100"
24-Mar-25,4.4,4.48,4.34,4.38,4.38,"59,178,000"
21-Mar-25,4.48,4.62,4.36,4.5,4.5,"82,883,000"
20-Mar-25,4.98,4.98,4.7,4.71,4.71,"79,242,700"
19-Mar-25,5.2,5.25,5.1,5.17,5.17,"38,703,300"
18-Mar-25,5.28,5.33,5.06,5.19,5.19,"79,321,100"
17-Mar-25,4.9,5.06,4.86,5.03,5.03,"38,063,500"
14-Mar-25,4.86,5.06,4.83,4.9,4.9,"53,620,000"
13-Mar-25,5,5.01,4.65,4.73,4.73,"64,247,000"
12-Mar-25,5.06,5.49,5.04,5.1,5.1,"87,317,700"
11-Mar-25,4.75,5.33,4.72,5.22,5.22,"162,169,100"
10-Mar-25,4.39,4.68,4.39,4.46,4.46,"66,742,300"
7-Mar-25,4.27,4.49,4.25,4.47,4.47,"45,986,500"
6-Mar-25,4.33,4.38,4.21,4.24,4.24,"44,428,700"
5-Mar-25,4.32,4.42,4.27,4.35,4.35,"48,201,100"
4-Mar-25,4.18,4.3,4.1,4.22,4.22,"41,666,800"
3-Mar-25,4.49,4.56,4.2,4.23,4.23,"80,304,000"
28-Feb-25,4.55,4.67,4.43,4.63,4.63,"60,898,600"
27-Feb-25,4.67,5.13,4.64,4.79,4.79,"134,805,400"
26-Feb-25,4.38,4.76,4.37,4.72,4.72,"121,284,300"
25-Feb-25,4.46,4.5,4.25,4.27,4.27,"49,948,700"
24-Feb-25,4.44,4.46,4.35,4.36,4.36,"37,454,200"
21-Feb-25,4.47,4.69,4.42,4.44,4.44,"101,148,600"
20-Feb-25,4.45,4.52,4.3,4.37,4.37,"39,236,400"
19-Feb-25,4.4,4.52,4.37,4.39,4.39,"74,651,800"
18-Feb-25,4.49,4.5,4.35,4.36,4.36,"43,222,800"
14-Feb-25,4.35,4.55,4.32,4.44,4.44,"54,299,000"
13-Feb-25,4.17,4.29,4.16,4.26,4.26,"51,756,300"
12-Feb-25,4.08,4.22,4.05,4.21,4.21,"73,192,500"
11-Feb-25,4.21,4.21,4.03,4.04,4.04,"69,228,700"
10-Feb-25,4.32,4.35,4.24,4.33,4.33,"28,705,400"
7-Feb-25,4.28,4.33,4.19,4.24,4.24,"37,198,200"
6-Feb-25,4.24,4.3,4.16,4.2,4.2,"31,997,700"
5-Feb-25,4.26,4.29,4.18,4.2,4.2,"35,838,100"
4-Feb-25,4.37,4.5,4.36,4.39,4.39,"44,232,100"
3-Feb-25,4.17,4.39,4.11,4.28,4.28,"63,162,700"
31-Jan-25,4.43,4.5,4.3,4.32,4.32,"37,501,700"
30-Jan-25,4.27,4.47,4.27,4.44,4.44,"49,084,900"
29-Jan-25,4.32,4.35,4.22,4.22,4.22,"24,440,700"
28-Jan-25,4.27,4.33,4.17,4.32,4.32,"37,121,700"
27-Jan-25,4.32,4.42,4.25,4.27,4.27,"51,189,500"
24-Jan-25,4.19,4.35,4.14,4.29,4.29,"40,544,500"
23-Jan-25,4.22,4.22,4.09,4.13,4.13,"33,088,000"
22-Jan-25,4.17,4.36,4.13,4.28,4.28,"39,859,000"
21-Jan-25,4.35,4.38,4.17,4.18,4.18,"38,457,500"
17-Jan-25,4.21,4.42,4.19,4.36,4.36,"50,447,600"
16-Jan-25,4.1,4.2,4.08,4.16,4.16,"28,870,100"
15-Jan-25,4.11,4.14,4.02,4.1,4.1,"32,661,000"
14-Jan-25,4.14,4.2,4.02,4.08,4.08,"32,476,600"
13-Jan-25,4.12,4.12,4.01,4.06,4.06,"36,105,400"
10-Jan-25,4.25,4.27,4.16,4.17,4.17,"41,829,000"
8-Jan-25,4.4,4.41,4.26,4.32,4.32,"49,570,100"
7-Jan-25,4.63,4.68,4.45,4.51,4.51,"61,962,000"
6-Jan-25,4.76,4.91,4.67,4.71,4.71,"53,340,700"
3-Jan-25,4.52,4.66,4.46,4.63,4.63,"35,597,900"
2-Jan-25,4.42,4.73,4.36,4.55,4.55,"63,007,700"
31-Dec-24,4.43,4.56,4.35,4.36,4.36,"39,899,700"
30-Dec-24,4.43,4.47,4.33,4.38,4.38,"36,562,600"
27-Dec-24,4.64,4.65,4.48,4.48,4.48,"41,203,600"
26-Dec-24,4.63,4.83,4.61,4.69,4.69,"33,687,400"
24-Dec-24,4.51,4.68,4.51,4.62,4.62,"24,244,400"
23-Dec-24,4.5,4.55,4.47,4.48,4.48,"32,756,000"
20-Dec-24,4.48,4.61,4.42,4.54,4.54,"36,765,600"
19-Dec-24,4.4,4.51,4.37,4.4,4.4,"27,936,400"
18-Dec-24,4.55,4.57,4.28,4.32,4.32,"45,533,900"
17-Dec-24,4.4,4.62,4.39,4.54,4.54,"39,286,600"
16-Dec-24,4.47,4.57,4.4,4.42,4.42,"36,537,700"
13-Dec-24,4.53,4.55,4.45,4.51,4.51,"31,903,300"
12-Dec-24,4.6,4.65,4.49,4.59,4.59,"47,028,900"
11-Dec-24,4.78,4.8,4.57,4.67,4.67,"55,104,400"
10-Dec-24,4.95,5.02,4.75,4.77,4.77,"64,769,700"
9-Dec-24,4.94,5.36,4.93,5.18,5.18,"123,185,700"
6-Dec-24,4.7,4.71,4.56,4.61,4.61,"44,028,300"
5-Dec-24,4.65,4.77,4.6,4.61,4.61,"86,599,500"
4-Dec-24,4.67,4.74,4.52,4.6,4.6,"47,932,700"
3-Dec-24,4.41,4.83,4.4,4.64,4.64,"79,059,800"
2-Dec-24,4.49,4.61,4.36,4.4,4.4,"40,711,200"
29-Nov-24,4.38,4.53,4.36,4.48,4.48,"29,218,200"
27-Nov-24,4.44,4.45,4.28,4.38,4.38,"45,474,500"
26-Nov-24,4.6,4.61,4.31,4.31,4.31,"71,245,200"
25-Nov-24,4.79,4.86,4.64,4.67,4.67,"54,234,900"
22-Nov-24,4.6,4.92,4.59,4.84,4.84,"66,538,400"
21-Nov-24,4.58,4.81,4.5,4.7,4.7,"54,962,300"
20-Nov-24,4.41,4.84,4.31,4.65,4.65,"92,292,300"
19-Nov-24,4.75,4.75,4.48,4.63,4.63,"81,563,500"
18-Nov-24,4.61,4.75,4.55,4.67,4.67,"47,955,700"
15-Nov-24,4.44,4.51,4.36,4.49,4.49,"46,287,400"
14-Nov-24,4.57,4.65,4.43,4.43,4.43,"39,880,900"
13-Nov-24,4.66,4.69,4.56,4.61,4.61,"45,111,300"
12-Nov-24,4.88,4.88,4.58,4.58,4.58,"86,695,700"
11-Nov-24,5.18,5.23,5,5.06,5.06,"51,270,600"
8-Nov-24,5.16,5.2,5.01,5.09,5.09,"57,885,300"
7-Nov-24,5.23,5.35,5.13,5.31,5.31,"56,496,100"
6-Nov-24,5,5.18,4.86,5,5,"81,290,900"
5-Nov-24,5.28,5.38,5.22,5.28,5.28,"32,012,100"
4-Nov-24,5.13,5.3,5.12,5.14,5.14,"36,745,800"
1-Nov-24,5.14,5.19,5,5.1,5.1,"43,951,800"
31-Oct-24,5.3,5.31,5.05,5.1,5.1,"50,277,400"
30-Oct-24,5.44,5.44,5.3,5.35,5.35,"57,415,100"
29-Oct-24,5.9,5.91,5.59,5.6,5.6,"64,407,100"
28-Oct-24,5.38,6.03,5.37,5.81,5.81,"109,992,400"
25-Oct-24,5.06,5.35,5.01,5.26,5.26,"67,917,100"
24-Oct-24,5.15,5.16,4.96,4.98,4.98,"49,328,700"
23-Oct-24,5.22,5.29,5.15,5.19,5.19,"36,170,900"
22-Oct-24,5.16,5.35,5.15,5.23,5.23,"38,285,800"
21-Oct-24,5.09,5.27,5.05,5.14,5.14,"35,255,300"
18-Oct-24,5.46,5.49,5.18,5.22,5.22,"66,972,500"
17-Oct-24,5.36,5.36,5.05,5.15,5.15,"74,651,600"
16-Oct-24,5.66,5.69,5.48,5.51,5.51,"46,932,600"
15-Oct-24,5.61,5.81,5.55,5.62,5.62,"67,585,800"
14-Oct-24,6.06,6.18,5.76,5.79,5.79,"80,930,100"
11-Oct-24,6.06,6.3,6.03,6.24,6.24,"42,897,900"
10-Oct-24,6.23,6.35,6.13,6.22,6.22,"47,902,300"
9-Oct-24,6.08,6.45,5.98,6.29,6.29,"70,071,100"
8-Oct-24,6.26,6.4,6.11,6.24,6.24,"82,359,200"
7-Oct-24,6.81,6.93,6.56,6.79,6.79,"78,405,000"
4-Oct-24,6.72,6.8,6.4,6.77,6.77,"91,621,900"
3-Oct-24,6.86,6.99,6.67,6.7,6.7,"99,136,000"
2-Oct-24,7.24,7.38,6.82,7.21,7.21,"135,598,100"
1-Oct-24,6.9,7.08,6.44,7.03,7.03,"146,968,900"
30-Sep-24,7.7,7.71,6.66,6.68,6.68,"213,140,800"
27-Sep-24,6.01,6.66,5.99,6.52,6.52,"180,982,100"
26-Sep-24,6,6.2,5.7,5.78,5.78,"139,473,600"
25-Sep-24,5.7,5.84,5.57,5.65,5.65,"72,687,400"
24-Sep-24,5.76,5.96,5.61,5.94,5.94,"116,346,100"
23-Sep-24,5.2,5.56,5.05,5.32,5.32,"66,291,800"
20-Sep-24,5.34,5.54,5.21,5.28,5.28,"53,489,100"
19-Sep-24,5.25,5.4,4.97,5.4,5.4,"93,014,300"
18-Sep-24,5.45,5.48,5.01,5.02,5.02,"65,049,700"
17-Sep-24,5.45,5.7,5.4,5.41,5.41,"41,732,900"
16-Sep-24,5.54,5.55,5.38,5.4,5.4,"37,580,100"
13-Sep-24,5.22,5.57,5.19,5.55,5.55,"64,294,400"
12-Sep-24,5.54,5.54,5.1,5.28,5.28,"71,034,900"
11-Sep-24,5.51,5.66,5.43,5.6,5.6,"51,390,500"
10-Sep-24,5.43,5.5,5.32,5.48,5.48,"58,595,000"
9-Sep-24,4.88,5.61,4.76,5.57,5.57,"125,459,100"
6-Sep-24,4.94,5.18,4.9,5.02,5.02,"105,245,000"
5-Sep-24,4.41,4.85,4.27,4.85,4.85,"110,271,900"
4-Sep-24,4.23,4.29,4.18,4.24,4.24,"49,161,900"
3-Sep-24,3.98,4.18,3.96,4.15,4.15,"52,928,200"
30-Aug-24,4.19,4.21,4,4.04,4.04,"65,991,100"
29-Aug-24,3.83,3.97,3.76,3.94,3.94,"45,246,800"
28-Aug-24,3.96,4,3.68,3.7,3.7,"62,882,000"
27-Aug-24,4.08,4.1,3.96,4,4,"24,654,700"
26-Aug-24,4.06,4.1,3.98,4.03,4.03,"25,776,200"
23-Aug-24,4.03,4.13,3.99,4.08,4.08,"25,913,400"
22-Aug-24,4.01,4.05,3.92,3.99,3.99,"25,826,800"
21-Aug-24,3.93,4,3.83,3.99,3.99,"25,739,200"
20-Aug-24,4.12,4.17,3.83,3.85,3.85,"43,921,600"
19-Aug-24,4.03,4.11,4.03,4.07,4.07,"23,455,100"
16-Aug-24,3.84,3.98,3.83,3.95,3.95,"28,728,700"
15-Aug-24,3.79,3.87,3.78,3.83,3.83,"28,523,100"
14-Aug-24,3.92,3.93,3.71,3.72,3.72,"37,694,800"
13-Aug-24,3.77,3.91,3.76,3.89,3.89,"29,584,600"
12-Aug-24,3.8,3.83,3.74,3.76,3.76,"20,645,500"
9-Aug-24,3.8,3.89,3.75,3.78,3.78,"25,866,100"
8-Aug-24,3.73,3.89,3.63,3.82,3.82,"35,671,000"
7-Aug-24,3.81,3.91,3.67,3.67,3.67,"33,486,300"
6-Aug-24,3.9,3.92,3.76,3.77,3.77,"37,777,500"
5-Aug-24,3.74,3.97,3.66,3.89,3.89,"53,237,000"
2-Aug-24,3.95,4.25,3.93,4.05,4.05,"39,936,800"
1-Aug-24,4.45,4.45,3.99,4.06,4.06,"88,261,500"
31-Jul-24,4.5,4.62,4.43,4.44,4.44,"33,546,800"
30-Jul-24,4.34,4.44,4.31,4.42,4.42,"41,983,800"
29-Jul-24,4.44,4.47,4.3,4.39,4.39,"33,918,300"
26-Jul-24,4.31,4.43,4.24,4.43,4.43,"32,103,400"
25-Jul-24,4.39,4.44,4.27,4.27,4.27,"40,111,300"
24-Jul-24,4.39,4.42,4.26,4.3,4.3,"43,266,700"
23-Jul-24,4.58,4.6,4.47,4.48,4.48,"37,498,700"
22-Jul-24,4.63,4.7,4.58,4.69,4.69,"34,131,500"
19-Jul-24,4.51,4.51,4.41,4.46,4.46,"22,403,600"
18-Jul-24,4.63,4.71,4.51,4.54,4.54,"36,332,700"
17-Jul-24,4.83,4.87,4.55,4.59,4.59,"54,980,500"
16-Jul-24,4.62,4.92,4.62,4.9,4.9,"50,004,800"
15-Jul-24,4.81,4.81,4.53,4.63,4.63,"58,503,300"
12-Jul-24,4.71,4.92,4.7,4.87,4.87,"51,797,700"
11-Jul-24,4.79,4.8,4.6,4.68,4.68,"56,422,800"
10-Jul-24,4.51,4.77,4.5,4.62,4.62,"43,456,600"
9-Jul-24,4.47,4.54,4.42,4.5,4.5,"26,805,400"
8-Jul-24,4.54,4.61,4.44,4.46,4.46,"39,272,500"
5-Jul-24,4.72,4.75,4.41,4.62,4.62,"61,604,000"
3-Jul-24,4.59,5.04,4.59,4.87,4.87,"72,459,800"
2-Jul-24,4.45,4.54,4.38,4.53,4.53,"35,412,300"
1-Jul-24,4.35,4.51,4.25,4.44,4.44,"55,633,200"
28-Jun-24,4.35,4.36,4.14,4.16,4.16,"47,669,500"
27-Jun-24,4.57,4.58,4.37,4.39,4.39,"37,306,100"
26-Jun-24,4.38,4.68,4.34,4.64,4.64,"53,248,100"
25-Jun-24,4.4,4.43,4.32,4.37,4.37,"23,318,400"
24-Jun-24,4.3,4.53,4.29,4.44,4.44,"28,749,700"
21-Jun-24,4.31,4.35,4.24,4.3,4.3,"22,036,700"
20-Jun-24,4.37,4.45,4.25,4.33,4.33,"28,737,200"
18-Jun-24,4.36,4.47,4.32,4.43,4.43,"28,884,900"
17-Jun-24,4.32,4.48,4.24,4.43,4.43,"31,751,400"
14-Jun-24,4.36,4.38,4.29,4.33,4.33,"23,557,000"
13-Jun-24,4.47,4.61,4.4,4.41,4.41,"27,306,300"
12-Jun-24,4.47,4.63,4.31,4.45,4.45,"62,311,400"
11-Jun-24,4.79,4.8,4.35,4.46,4.46,"66,199,200"
10-Jun-24,4.82,4.85,4.67,4.72,4.72,"38,316,300"
7-Jun-24,4.82,4.96,4.8,4.83,4.83,"34,658,600"
6-Jun-24,4.95,5,4.74,4.91,4.91,"84,453,800"
5-Jun-24,5.33,5.35,5.15,5.27,5.27,"49,656,100"
4-Jun-24,5.31,5.37,5.2,5.21,5.21,"29,404,500"
3-Jun-24,5.54,5.63,5.21,5.34,5.34,"53,566,700"
31-May-24,5.27,5.52,5.26,5.39,5.39,"63,176,600"
30-May-24,4.95,5.44,4.93,5.4,5.4,"69,440,000"
29-May-24,4.83,5,4.81,4.93,4.93,"37,706,200"
28-May-24,4.97,5.01,4.83,4.9,4.9,"46,519,700"
24-May-24,4.81,4.92,4.77,4.83,4.83,"32,225,400"
23-May-24,5.12,5.13,4.71,4.8,4.8,"79,112,800"
22-May-24,5.26,5.31,5.14,5.24,5.24,"36,743,200"
21-May-24,5.19,5.54,5.14,5.25,5.25,"75,042,200"
20-May-24,5.25,5.32,5.1,5.22,5.22,"47,706,100"
17-May-24,5.28,5.39,5.04,5.28,5.28,"58,708,400"
16-May-24,5.37,5.46,5.22,5.26,5.26,"41,788,900"
15-May-24,6,6.05,5.21,5.33,5.33,"112,034,600"
14-May-24,5.51,5.85,5.46,5.79,5.79,"80,661,000"
13-May-24,5.2,5.66,5.16,5.41,5.41,"76,621,100"
10-May-24,5.28,5.35,5.03,5.07,5.07,"49,019,600"
9-May-24,5.37,5.41,5.23,5.33,5.33,"34,679,700"
8-May-24,5.25,5.28,5.11,5.22,5.22,"54,908,700"
7-May-24,5.54,5.83,5.46,5.51,5.51,"43,754,100"
6-May-24,5.75,6.04,5.57,5.69,5.69,"75,633,400"
3-May-24,5.53,5.58,5.33,5.57,5.57,"54,697,700"
2-May-24,5.61,5.67,5.17,5.59,5.59,"99,532,800"
1-May-24,4.76,5.44,4.74,5.27,5.27,"147,465,600"
30-Apr-24,4.7,4.75,4.51,4.72,4.72,"52,936,200"
29-Apr-24,4.67,4.68,4.47,4.6,4.6,"56,096,000"
26-Apr-24,4.43,4.54,4.39,4.49,4.49,"59,264,500"
25-Apr-24,4.05,4.17,4.03,4.13,4.13,"25,888,400"
24-Apr-24,4.15,4.22,4.05,4.15,4.15,"34,562,000"
23-Apr-24,3.99,4.13,3.98,4.01,4.01,"41,987,800"
22-Apr-24,3.68,4.05,3.61,4,4,"60,179,600"
19-Apr-24,3.86,3.92,3.78,3.8,3.8,"35,465,400"
18-Apr-24,3.9,4.09,3.85,4,4,"38,392,100"
17-Apr-24,3.87,3.96,3.84,3.91,3.91,"38,767,000"
16-Apr-24,3.75,3.91,3.71,3.81,3.81,"42,222,200"
15-Apr-24,4.19,4.19,3.82,3.89,3.89,"70,661,300"
12-Apr-24,4.35,4.35,4.09,4.11,4.11,"74,700,300"
11-Apr-24,4.6,4.61,4.43,4.46,4.46,"39,040,200"
10-Apr-24,4.58,4.69,4.54,4.59,4.59,"32,568,000"
9-Apr-24,4.43,4.79,4.42,4.71,4.71,"76,666,000"
8-Apr-24,4.41,4.53,4.37,4.37,4.37,"47,453,500"
5-Apr-24,4.5,4.58,4.38,4.39,4.39,"42,834,900"
4-Apr-24,4.55,4.75,4.49,4.5,4.5,"53,856,500"
3-Apr-24,4.46,4.51,4.36,4.49,4.49,"33,078,500"
2-Apr-24,4.47,4.58,4.38,4.54,4.54,"38,932,700"
1-Apr-24,4.63,4.75,4.57,4.64,4.64,"42,632,700"
28-Mar-24,4.68,4.74,4.48,4.5,4.5,"55,938,500"
27-Mar-24,4.63,4.73,4.45,4.67,4.67,"85,346,500"
26-Mar-24,4.9,4.92,4.77,4.78,4.78,"83,744,700"
25-Mar-24,4.92,5.09,4.89,4.91,4.91,"56,419,400"
22-Mar-24,4.93,4.96,4.8,4.89,4.89,"43,442,800"
21-Mar-24,5.06,5.1,4.96,5,5,"46,800,100"
20-Mar-24,5.11,5.14,5.04,5.1,5.1,"59,385,500"
19-Mar-24,5.49,5.49,5.13,5.19,5.19,"77,042,900"
18-Mar-24,5.83,5.86,5.48,5.54,5.54,"48,581,900"
15-Mar-24,5.71,5.76,5.57,5.58,5.58,"33,668,500"
14-Mar-24,5.82,5.82,5.54,5.58,5.58,"42,679,900"
13-Mar-24,6.08,6.27,5.91,5.92,5.92,"42,657,900"
12-Mar-24,6.19,6.3,6.09,6.19,6.19,"38,392,900"
11-Mar-24,5.92,6.23,5.88,6.1,6.1,"64,025,300"
8-Mar-24,5.78,5.92,5.66,5.8,5.8,"38,928,300"
7-Mar-24,5.67,5.79,5.47,5.77,5.77,"46,370,300"
6-Mar-24,5.39,5.88,5.38,5.77,5.77,"77,698,800"
5-Mar-24,5.17,5.62,4.78,5.48,5.48,"94,784,600"
4-Mar-24,5.58,5.61,5.25,5.33,5.33,"94,275,800"
1-Mar-24,5.73,5.84,5.68,5.78,5.78,"40,933,100"
29-Feb-24,5.56,5.79,5.54,5.75,5.75,"63,187,100"
28-Feb-24,5.6,5.61,5.39,5.43,5.43,"58,390,500"
27-Feb-24,5.81,5.93,5.72,5.78,5.78,"53,722,100"
26-Feb-24,5.54,5.77,5.5,5.65,5.65,"60,295,300"
23-Feb-24,5.67,5.68,5.37,5.4,5.4,"75,135,200"
22-Feb-24,5.97,5.97,5.71,5.85,5.85,"49,536,300"
21-Feb-24,6.02,6.17,5.95,5.97,5.97,"33,907,200"
20-Feb-24,5.93,6.03,5.79,5.96,5.96,"39,772,200"
16-Feb-24,6.24,6.34,6.09,6.14,6.14,"41,378,700"
15-Feb-24,6.05,6.29,6.04,6.09,6.09,"54,076,700"
14-Feb-24,5.88,6.02,5.84,6,6,"41,176,800"
13-Feb-24,5.86,5.88,5.65,5.7,5.7,"52,054,400"
12-Feb-24,5.91,6.28,5.9,6.08,6.08,"43,673,000"
9-Feb-24,5.84,5.93,5.75,5.93,5.93,"25,563,500"
8-Feb-24,5.82,5.88,5.72,5.82,5.82,"32,055,300"
7-Feb-24,5.81,6,5.73,5.86,5.86,"42,818,400"
6-Feb-24,5.68,6.05,5.6,6.03,6.03,"88,034,700"
5-Feb-24,5.48,5.48,5.3,5.38,5.38,"45,420,800"
2-Feb-24,5.56,5.59,5.43,5.54,5.54,"56,717,500"
1-Feb-24,5.73,5.92,5.54,5.71,5.71,"51,425,400"
31-Jan-24,5.69,5.86,5.43,5.62,5.62,"75,799,300"
30-Jan-24,6.01,6.04,5.79,5.79,5.79,"66,444,800"
29-Jan-24,6.08,6.16,5.95,6.14,6.14,"40,118,400"
26-Jan-24,6,6.15,5.97,6.14,6.14,"39,437,600"
25-Jan-24,5.91,6.08,5.83,6.04,6.04,"59,221,400"
24-Jan-24,6.5,6.59,6.01,6.07,6.07,"76,001,000"
23-Jan-24,6.4,6.88,6.17,6.21,6.21,"119,010,800"
22-Jan-24,5.83,6.17,5.8,5.98,5.98,"74,314,700"
19-Jan-24,6.16,6.16,5.86,6.06,6.06,"81,997,000"
18-Jan-24,6.5,6.54,6.1,6.28,6.28,"71,543,500"
17-Jan-24,6.21,6.42,6.12,6.3,6.3,"63,011,800"
16-Jan-24,7.04,7.05,6.45,6.55,6.55,"121,078,900"
12-Jan-24,7.26,7.53,7.16,7.17,7.17,"48,715,800"
11-Jan-24,7.57,7.67,7.33,7.4,7.4,"52,385,000"
10-Jan-24,7.53,7.55,7.31,7.41,7.41,"54,569,600"
9-Jan-24,7.8,7.84,7.52,7.56,7.56,"70,100,900"
8-Jan-24,7.86,8.05,7.73,7.93,7.93,"49,933,600"
5-Jan-24,8.16,8.25,8.03,8.06,8.06,"40,604,100"
4-Jan-24,8.33,8.47,8.25,8.27,8.27,"38,412,300"
3-Jan-24,8.12,8.56,8.1,8.5,8.5,"58,659,300"
2-Jan-24,8.93,8.94,8.38,8.42,8.42,"81,640,300"
29-Dec-23,9.43,9.53,8.95,9.07,9.07,"74,559,000"
28-Dec-23,9.16,9.57,9.12,9.43,9.43,"91,988,300"
27-Dec-23,9.26,9.33,8.89,9.1,9.1,"99,997,200"
26-Dec-23,8.77,9.43,8.63,9.33,9.33,"130,928,200"
22-Dec-23,8.1,8.59,8.08,8.42,8.42,"55,866,700"
21-Dec-23,8.15,8.31,7.99,8.29,8.29,"48,972,700"
20-Dec-23,8.63,8.7,7.92,7.92,7.92,"105,322,300"
19-Dec-23,8.52,8.9,8.51,8.82,8.82,"88,664,000"
18-Dec-23,8.59,8.64,8.23,8.35,8.35,"131,953,000"
15-Dec-23,8.02,8.14,7.74,7.98,7.98,"71,148,600"
14-Dec-23,7.47,8.02,7.46,7.86,7.86,"94,106,100"
13-Dec-23,7.17,7.45,7.05,7.43,7.43,"57,470,200"
12-Dec-23,7.59,7.6,7.17,7.27,7.27,"59,007,200"
11-Dec-23,7.49,7.7,7.41,7.68,7.68,"39,418,200"
8-Dec-23,7.37,7.57,7.3,7.38,7.38,"42,582,700"
7-Dec-23,7.85,7.96,7.43,7.49,7.49,"63,206,600"
6-Dec-23,7.65,8.28,7.59,7.75,7.75,"118,989,400"
5-Dec-23,7.59,7.96,7.38,7.43,7.43,"89,837,100"
4-Dec-23,7.14,7.38,7.03,7.32,7.32,"53,717,900"
1-Dec-23,7.14,7.26,7.01,7.15,7.15,"46,621,800"
30-Nov-23,7.25,7.34,7.13,7.27,7.27,"45,953,400"
29-Nov-23,7.29,7.52,7.13,7.18,7.18,"47,707,000"
28-Nov-23,7.2,7.26,7.02,7.21,7.21,"47,842,500"
27-Nov-23,7.31,7.38,7.18,7.19,7.19,"33,857,600"
24-Nov-23,7.4,7.48,7.28,7.4,7.4,"22,881,100"
22-Nov-23,7.58,7.64,7.36,7.47,7.47,"21,966,500"
21-Nov-23,7.62,7.71,7.42,7.51,7.51,"35,697,200"
20-Nov-23,7.68,8.03,7.65,7.8,7.8,"61,880,200"
17-Nov-23,7.4,7.5,7.25,7.39,7.39,"26,658,000"
16-Nov-23,7.58,7.59,7.14,7.4,7.4,"68,800,100"
15-Nov-23,7.64,8.2,7.63,7.94,7.94,"55,974,000"
14-Nov-23,7.36,7.64,7.33,7.58,7.58,"43,383,100"
13-Nov-23,7.27,7.43,7.11,7.22,7.22,"34,211,200"
10-Nov-23,7.61,7.64,7.16,7.24,7.24,"39,843,100"
9-Nov-23,7.82,7.96,7.46,7.47,7.47,"36,134,800"
8-Nov-23,7.81,8,7.68,7.92,7.92,"37,957,600"
7-Nov-23,7.88,7.9,7.7,7.89,7.89,"25,233,500"
6-Nov-23,8.45,8.51,7.86,7.97,7.97,"43,859,700"
3-Nov-23,8.01,8.3,7.87,8.23,8.23,"56,005,600"
2-Nov-23,7.72,7.93,7.69,7.79,7.79,"43,628,400"
1-Nov-23,7.31,7.45,7.19,7.45,7.45,"33,335,100"
31-Oct-23,7.34,7.4,7.18,7.3,7.3,"29,679,200"
30-Oct-23,7.56,7.64,7.4,7.52,7.52,"25,727,700"
27-Oct-23,7.78,7.81,7.39,7.44,7.44,"33,773,500"
26-Oct-23,7.62,7.8,7.52,7.63,7.63,"27,283,600"
25-Oct-23,7.82,7.85,7.6,7.6,7.6,"28,413,800"
24-Oct-23,7.56,8.12,7.56,8.09,8.09,"42,841,700"
23-Oct-23,7.49,7.7,7.31,7.59,7.59,"33,550,400"
20-Oct-23,7.52,7.85,7.47,7.58,7.58,"31,756,100"
19-Oct-23,7.76,7.88,7.59,7.69,7.69,"39,606,100"
18-Oct-23,8.53,8.54,7.87,7.91,7.91,"51,395,200"
17-Oct-23,8.33,8.65,8.29,8.53,8.53,"18,390,200"
16-Oct-23,8.37,8.53,8.24,8.52,8.52,"24,550,100"
13-Oct-23,8.4,8.55,8.27,8.47,8.47,"28,358,100"
12-Oct-23,8.88,8.97,8.38,8.44,8.44,"37,144,100"
11-Oct-23,8.95,9.19,8.9,8.97,8.97,"34,029,900"
10-Oct-23,8.35,8.88,8.35,8.83,8.83,"42,385,700"
9-Oct-23,8.5,8.54,8.11,8.34,8.34,"39,704,400"
6-Oct-23,8.49,8.75,8.46,8.72,8.72,"23,293,500"
5-Oct-23,8.66,8.71,8.51,8.66,8.66,"21,933,500"
4-Oct-23,8.51,8.85,8.48,8.83,8.83,"28,056,900"
3-Oct-23,8.55,8.76,8.54,8.61,8.61,"27,185,700"
2-Oct-23,8.9,9,8.7,8.79,8.79,"38,390,600"
29-Sep-23,9.11,9.22,8.86,9.04,9.04,"40,855,100"
28-Sep-23,8.37,8.99,8.36,8.91,8.91,"55,093,400"
27-Sep-23,8.38,8.51,8.3,8.46,8.46,"24,089,900"
26-Sep-23,8.15,8.58,7.93,8.41,8.41,"42,481,600"
25-Sep-23,8.07,8.45,7.93,8.35,8.35,"56,327,000"
22-Sep-23,8.74,8.8,8.45,8.53,8.53,"36,245,100"
21-Sep-23,8.45,8.62,8.35,8.45,8.45,"49,265,600"
20-Sep-23,8.76,9.06,8.67,8.82,8.82,"122,782,100"
19-Sep-23,9.54,9.6,8.41,8.55,8.55,"215,935,800"
18-Sep-23,10.37,10.47,10.22,10.31,10.31,"22,615,000"
15-Sep-23,10.53,10.72,10.29,10.43,10.43,"40,061,100"
14-Sep-23,10.15,10.38,10.14,10.38,10.38,"26,475,900"
13-Sep-23,10.2,10.47,10.06,10.07,10.07,"36,890,000"
12-Sep-23,10.23,10.88,10.21,10.57,10.57,"38,297,000"
11-Sep-23,10.39,10.43,10.02,10.33,10.33,"31,145,700"
8-Sep-23,10.06,10.15,9.92,10.04,10.04,"26,159,600"
7-Sep-23,10.17,10.27,9.93,10.08,10.08,"44,603,800"
6-Sep-23,10.71,10.91,10.47,10.58,10.58,"31,426,100"
5-Sep-23,10.73,11.18,10.72,10.81,10.81,"37,911,800"
1-Sep-23,10.53,11.35,10.5,11,11,"76,887,100"
31-Aug-23,10.73,10.8,10.26,10.27,10.27,"51,094,300"
30-Aug-23,10.43,10.79,10.39,10.67,10.67,"46,265,600"
29-Aug-23,10.3,10.94,9.46,10.89,10.89,"124,332,200"
28-Aug-23,11.05,11.13,10.7,11.02,11.02,"41,943,200"
25-Aug-23,10.58,10.87,10.48,10.83,10.83,"31,666,200"
24-Aug-23,10.96,11.11,10.62,10.64,10.64,"27,131,700"
23-Aug-23,10.56,11,10.5,10.84,10.84,"30,405,000"
22-Aug-23,11.29,11.33,10.53,10.79,10.79,"43,691,900"
21-Aug-23,10.73,11.17,10.54,10.95,10.95,"54,080,100"
18-Aug-23,10.95,11.15,10.62,10.67,10.67,"68,262,100"
17-Aug-23,11.91,12.41,11.47,11.5,11.5,"73,315,600"
16-Aug-23,11.18,11.76,11.15,11.4,11.4,"59,478,400"
15-Aug-23,12.26,12.34,11.55,11.83,11.83,"71,428,600"
14-Aug-23,12.4,12.56,11.94,12.52,12.52,"67,398,200"
11-Aug-23,12.77,13.01,12.55,12.9,12.9,"54,605,400"
10-Aug-23,13.61,13.97,13.19,13.25,13.25,"55,643,000"
9-Aug-23,13.95,14.12,13.21,13.46,13.46,"57,706,700"
8-Aug-23,13.95,14.17,13.73,14.07,14.07,"63,081,100"
7-Aug-23,15.02,15.2,14.38,14.82,14.82,"53,768,400"
4-Aug-23,15.86,16.18,14.7,14.72,14.72,"85,010,600"
3-Aug-23,14.68,15.86,14.66,15.46,15.46,"86,032,100"
2-Aug-23,13.8,14.76,13.67,14.57,14.57,"79,548,600"
1-Aug-23,14.86,15.26,14.41,14.63,14.63,"89,527,700"
31-Jul-23,15.12,15.46,14.73,15.3,15.3,"117,336,000"
28-Jul-23,13.8,14.78,13.56,14.74,14.74,"115,315,800"
27-Jul-23,13.86,13.87,13.16,13.24,13.24,"103,657,400"
26-Jul-23,12.4,13.38,12.21,13.17,13.17,"137,044,600"
25-Jul-23,12.34,12.83,11.88,11.91,11.91,"102,994,600"
24-Jul-23,10.91,12.05,10.84,11.73,11.73,"108,759,300"
21-Jul-23,10.5,10.77,10.38,10.58,10.58,"33,013,500"
20-Jul-23,10.47,10.5,10.22,10.32,10.32,"34,681,100"
19-Jul-23,10.58,11.1,10.58,10.64,10.64,"51,786,900"
18-Jul-23,10.73,10.83,10.27,10.42,10.42,"35,151,600"
17-Jul-23,10.3,10.63,10.21,10.56,10.56,"28,845,700"
14-Jul-23,10.67,10.84,10.46,10.54,10.54,"40,097,600"
13-Jul-23,11.24,11.32,10.72,10.76,10.76,"60,022,500"
12-Jul-23,11.02,11.22,10.71,11.16,11.16,"61,266,100"
11-Jul-23,10.96,11.05,10.44,10.81,10.81,"69,547,500"
10-Jul-23,9.97,10.83,9.79,10.78,10.78,"84,529,600"
7-Jul-23,9.75,10.09,9.66,9.99,9.99,"50,863,200"
6-Jul-23,9.97,10.01,9.49,9.56,9.56,"52,767,400"
5-Jul-23,10.01,10.39,9.81,10.22,10.22,"62,900,500"
3-Jul-23,10.15,10.49,9.79,10.03,10.03,"68,989,300"
30-Jun-23,9.63,10.09,9.59,9.69,9.69,"63,256,300"
29-Jun-23,9.4,9.51,9.25,9.39,9.39,"38,589,900"
28-Jun-23,9.4,9.56,9.18,9.52,9.52,"44,832,900"
27-Jun-23,8.72,9.34,8.66,9.34,9.34,"73,607,600"
26-Jun-23,8.53,8.69,8.4,8.4,8.4,"33,684,100"
23-Jun-23,8.62,8.75,8.28,8.43,8.43,"41,703,800"
22-Jun-23,9.03,9.03,8.74,8.92,8.92,"28,909,900"
21-Jun-23,9.54,9.84,8.96,9.07,9.07,"66,266,600"
20-Jun-23,9.17,9.41,9.06,9.35,9.35,"52,866,000"
16-Jun-23,10.15,10.21,9.35,9.4,9.4,"81,163,500"
15-Jun-23,9.1,9.9,9.05,9.79,9.79,"97,116,500"
14-Jun-23,9.07,9.19,8.8,9.05,9.05,"60,867,200"
13-Jun-23,8.73,9.07,8.6,8.89,8.89,"81,692,800"
12-Jun-23,8.09,8.6,8.07,8.4,8.4,"100,608,600"
9-Jun-23,7.84,8.75,7.69,7.73,7.73,"140,075,100"
8-Jun-23,7.8,7.89,7.6,7.79,7.79,"64,405,800"
7-Jun-23,7.8,7.97,7.58,7.76,7.76,"47,289,100"
6-Jun-23,7.66,7.88,7.3,7.88,7.88,"79,001,900"
5-Jun-23,7.66,7.9,7.6,7.67,7.67,"36,819,200"
2-Jun-23,7.84,7.99,7.56,7.56,7.56,"62,262,000"
1-Jun-23,7.24,7.64,7,7.54,7.54,"74,201,600"
31-May-23,7.44,7.54,7.15,7.53,7.53,"89,228,300"
30-May-23,7.8,7.92,7.35,7.41,7.41,"63,374,800"
26-May-23,7.74,7.84,7.54,7.7,7.7,"42,967,900"
25-May-23,7.86,7.86,7.51,7.54,7.54,"48,702,800"
24-May-23,8.14,8.21,7.72,7.92,7.92,"84,695,800"
23-May-23,8.64,8.85,8.59,8.75,8.75,"38,540,000"
22-May-23,8.25,8.85,8.24,8.79,8.79,"73,546,900"
19-May-23,7.9,8.14,7.85,8.07,8.07,"41,334,500"
18-May-23,7.94,8.03,7.73,7.82,7.82,"46,481,500"
17-May-23,7.82,8.05,7.79,8.03,8.03,"33,411,500"
16-May-23,8.1,8.11,7.82,7.91,7.91,"33,815,300"
15-May-23,8.06,8.28,7.9,8.25,8.25,"35,602,400"
12-May-23,8.27,8.34,7.94,7.95,7.95,"42,060,700"
11-May-23,8.15,8.45,8.09,8.45,8.45,"48,355,800"
10-May-23,8.2,8.52,8.04,8.13,8.13,"47,366,600"
9-May-23,7.93,8.22,7.85,8.16,8.16,"24,846,300"
8-May-23,8.27,8.54,8.03,8.27,8.27,"30,996,500"
5-May-23,8.14,8.37,8.1,8.15,8.15,"34,595,100"
4-May-23,7.75,8.12,7.75,8.06,8.06,"50,555,800"
3-May-23,7.43,7.77,7.4,7.64,7.64,"39,778,500"
2-May-23,7.65,7.75,7.33,7.45,7.45,"53,990,100"
1-May-23,7.83,7.86,7.55,7.81,7.81,"39,623,700"
28-Apr-23,7.88,8.01,7.66,7.87,7.87,"39,093,700"
27-Apr-23,7.7,7.97,7.61,7.97,7.97,"36,937,500"
26-Apr-23,8.09,8.2,7.65,7.68,7.68,"56,070,100"
25-Apr-23,8.16,8.16,7.6,7.9,7.9,"88,508,400"
24-Apr-23,8.38,8.4,8.16,8.29,8.29,"29,843,600"
21-Apr-23,8.3,8.38,8.05,8.33,8.33,"34,188,200"
20-Apr-23,8.54,8.58,8.16,8.28,8.28,"59,580,500"
19-Apr-23,9.16,9.2,8.77,8.79,8.79,"60,655,900"
18-Apr-23,9.78,9.81,9.45,9.47,9.47,"26,812,000"
17-Apr-23,9.54,10.03,9.51,9.83,9.83,"48,549,500"
14-Apr-23,9.07,9.45,9,9.27,9.27,"30,953,500"
13-Apr-23,9.21,9.28,9.02,9.1,9.1,"25,070,000"
12-Apr-23,9.56,9.56,8.96,9.01,9.01,"48,106,800"
11-Apr-23,9.19,9.79,9.18,9.52,9.52,"44,751,300"
10-Apr-23,8.86,9.08,8.78,9.05,9.05,"26,228,700"
6-Apr-23,8.94,9.07,8.83,9.01,9.01,"23,019,800"
5-Apr-23,9.19,9.19,8.75,8.96,8.96,"33,805,900"
4-Apr-23,9.62,9.79,9.12,9.21,9.21,"53,384,400"
3-Apr-23,10.41,10.51,9.67,9.8,9.8,"56,526,200"
31-Mar-23,10.31,10.6,10.2,10.51,10.51,"35,906,300"
30-Mar-23,10,10.75,9.94,10.46,10.46,"66,081,900"
29-Mar-23,9.3,9.95,9.26,9.83,9.83,"56,384,500"
28-Mar-23,9.15,9.27,9.03,9.2,9.2,"31,341,500"
27-Mar-23,9.03,9.13,8.84,8.93,8.93,"20,452,500"
24-Mar-23,9.22,9.23,8.83,9.07,9.07,"28,665,700"
23-Mar-23,9.35,9.46,9.13,9.27,9.27,"30,132,800"
22-Mar-23,9.5,9.53,9.06,9.09,9.09,"36,811,700"
21-Mar-23,8.96,9.37,8.91,9.27,9.27,"52,342,800"
20-Mar-23,8.1,9.06,8.07,8.75,8.75,"56,190,600"
17-Mar-23,8.54,8.74,8.18,8.26,8.26,"38,374,700"
16-Mar-23,8.13,8.54,8.1,8.5,8.5,"27,563,000"
15-Mar-23,8.21,8.32,8.07,8.25,8.25,"40,281,700"
14-Mar-23,8.51,8.56,8.35,8.42,8.42,"36,783,100"
13-Mar-23,8.35,8.69,8.03,8.55,8.55,"43,877,100"
10-Mar-23,8.78,8.81,8.33,8.51,8.51,"46,631,300"
9-Mar-23,9.01,9.17,8.72,8.79,8.79,"48,894,300"
8-Mar-23,8.87,9.18,8.67,9.18,9.18,"39,709,100"
7-Mar-23,9.19,9.26,8.87,8.97,8.97,"45,081,500"
6-Mar-23,9.5,9.64,9.3,9.31,9.31,"35,308,800"
3-Mar-23,8.97,9.7,8.92,9.57,9.57,"60,775,100"
2-Mar-23,8.5,9.12,8.31,9.09,9.09,"73,183,200"
1-Mar-23,9.34,9.45,8.77,8.83,8.83,"82,172,500"
28-Feb-23,9.2,9.44,9.12,9.39,9.39,"53,310,800"
27-Feb-23,9.53,9.59,9.24,9.33,9.33,"42,356,400"
24-Feb-23,9.51,9.52,9.13,9.3,9.3,"56,808,900"
23-Feb-23,10.39,10.4,9.58,9.79,9.79,"50,261,600"
22-Feb-23,10.01,10.21,9.9,10.18,10.18,"34,099,400"
21-Feb-23,10.05,10.31,9.96,10.03,10.03,"35,046,700"
17-Feb-23,10.1,10.24,9.93,10.19,10.19,"37,467,000"
16-Feb-23,10.46,10.6,10.19,10.19,10.19,"38,647,000"
15-Feb-23,10.09,10.5,10.09,10.5,10.5,"35,660,100"
14-Feb-23,10.19,10.35,9.91,10.31,10.31,"38,028,600"
13-Feb-23,10.47,10.54,10.28,10.31,10.31,"30,815,800"
10-Feb-23,10.25,10.39,10.02,10.31,10.31,"38,377,100"
9-Feb-23,10.97,11.02,10.37,10.47,10.47,"40,466,300"
8-Feb-23,10.75,10.91,10.58,10.65,10.65,"28,370,200"
7-Feb-23,11,11.02,10.56,10.92,10.92,"35,350,700"
6-Feb-23,10.95,11.03,10.67,10.93,10.93,"45,482,600"
3-Feb-23,11.65,11.9,11.16,11.19,11.19,"55,798,800"
2-Feb-23,12.12,12.37,11.81,11.96,11.96,"68,872,800"
1-Feb-23,12.24,12.32,11.59,12.1,12.1,"65,907,200"
31-Jan-23,11.91,12.36,11.76,12.07,12.07,"45,863,100"
30-Jan-23,12.43,12.44,11.85,12.02,12.02,"54,970,000"
27-Jan-23,12.15,13.22,11.98,12.71,12.71,"69,734,400"
26-Jan-23,12.43,12.47,11.8,12.17,12.17,"51,635,100"
25-Jan-23,11.46,11.77,11.28,11.63,11.63,"26,348,900"
24-Jan-23,13.21,13.21,11.06,11.68,11.68,"37,478,600"
23-Jan-23,11.28,12.35,11.15,12.06,12.06,"64,034,100"
20-Jan-23,10.95,11.34,10.83,11.07,11.07,"39,012,500"
19-Jan-23,10.88,11.18,10.62,10.77,10.77,"33,638,100"
18-Jan-23,11.49,11.69,10.98,11.01,11.01,"43,306,200"
17-Jan-23,11.32,11.51,11.09,11.41,11.41,"48,895,600"
13-Jan-23,11.44,11.81,11.23,11.8,11.8,"41,631,500"
12-Jan-23,11.49,11.81,11.13,11.81,11.81,"40,125,300"
11-Jan-23,11.35,11.72,10.99,11.51,11.51,"42,554,500"
10-Jan-23,11.1,11.38,10.68,11.24,11.24,"44,315,500"
9-Jan-23,10.63,11.12,10.63,10.76,10.76,"42,870,100"
6-Jan-23,10.06,10.39,9.5,10.37,10.37,"70,946,700"
5-Jan-23,10.39,10.97,10.24,10.86,10.86,"37,262,700"
4-Jan-23,9.97,10.9,9.85,10.63,10.63,"63,723,800"
3-Jan-23,10.21,10.51,9.5,9.63,9.63,"54,095,600"
30-Dec-22,9.83,9.98,9.52,9.75,9.75,"40,863,800"
29-Dec-22,9.92,10.27,9.77,9.99,9.99,"49,380,200"
28-Dec-22,10.01,10.25,9.61,9.8,9.8,"42,225,300"
27-Dec-22,10.53,10.61,9.97,10.06,10.06,"54,165,700"
23-Dec-22,11.22,11.22,10.69,10.97,10.97,"33,666,100"
22-Dec-22,11.45,11.58,10.76,11.29,11.29,"32,468,900"
21-Dec-22,11.07,11.71,10.86,11.61,11.61,"34,244,000"
20-Dec-22,10.67,11.59,10.58,11.09,11.09,"44,765,300"
19-Dec-22,11.66,11.66,10.83,11.06,11.06,"40,564,600"
16-Dec-22,12.13,12.38,11.6,11.6,11.6,"46,476,300"
15-Dec-22,12.33,12.63,11.68,11.88,11.88,"41,620,900"
14-Dec-22,12.45,12.53,11.97,12.1,12.1,"33,251,900"
13-Dec-22,13.11,13.24,12.03,12.31,12.31,"52,084,300"
12-Dec-22,12.3,12.58,12.16,12.49,12.49,"35,211,100"
9-Dec-22,13.17,13.32,12.62,12.63,12.63,"44,101,100"
8-Dec-22,13,13.55,12.88,13.41,13.41,"52,377,700"
7-Dec-22,12.42,12.72,12.15,12.58,12.58,"52,840,500"
6-Dec-22,13,13.28,12.43,13.24,13.24,"62,747,600"
5-Dec-22,13.99,14.03,12.59,12.8,12.8,"94,815,800"
2-Dec-22,12.06,13.32,11.97,13.13,13.13,"106,291,200"
1-Dec-22,12.35,12.55,11.95,12.09,12.09,"59,583,400"
30-Nov-22,11.34,13.27,11.34,12.78,12.78,"173,185,000"
29-Nov-22,10.65,10.9,10.39,10.5,10.5,"48,292,300"
28-Nov-22,10.05,10.63,9.99,10.12,10.12,"39,047,000"
25-Nov-22,10.26,10.3,9.96,10.17,10.17,"23,487,600"
23-Nov-22,10.31,10.74,10.24,10.56,10.56,"49,399,100"
22-Nov-22,9.87,10.1,9.75,10.01,10.01,"36,096,300"
21-Nov-22,10.22,10.25,9.67,10.02,10.02,"53,072,100"
18-Nov-22,10.65,10.81,10.26,10.47,10.47,"49,320,200"
17-Nov-22,10.25,10.72,9.93,10.67,10.67,"62,563,500"
16-Nov-22,11.17,11.29,10.45,10.53,10.53,"49,624,900"
15-Nov-22,11.91,11.95,11.36,11.51,11.51,"63,244,200"
14-Nov-22,11.86,12.12,11.17,11.17,11.17,"62,563,000"
11-Nov-22,10.79,11.69,10.54,11.56,11.56,"100,635,600"
10-Nov-22,10.3,10.83,10.05,10.34,10.34,"84,026,800"
9-Nov-22,10,10.18,9.14,9.25,9.25,"81,211,800"
8-Nov-22,10.68,10.87,10.08,10.56,10.56,"61,734,900"
7-Nov-22,12.23,12.38,10.7,10.98,10.98,"84,143,600"
4-Nov-22,11,11.69,10.6,11.68,11.68,"125,406,400"
3-Nov-22,9.19,10.17,9.03,9.94,9.94,"64,660,300"
2-Nov-22,9.6,10.13,9.48,9.49,9.49,"76,033,400"
1-Nov-22,10.33,10.45,9.69,9.71,9.71,"56,233,200"
31-Oct-22,9.51,10.05,9.38,9.67,9.67,"46,879,600"
28-Oct-22,9.5,9.98,9.28,9.69,9.69,"74,420,600"
27-Oct-22,10.53,10.73,9.97,9.98,9.98,"64,014,700"
26-Oct-22,10.44,11.09,10.23,10.81,10.81,"79,102,800"
25-Oct-22,9.81,10.63,9.53,10.63,10.63,"98,189,000"
24-Oct-22,10.01,10.03,8.38,9.45,9.45,"166,523,700"
21-Oct-22,10.67,11.21,10.41,11.21,11.21,"42,496,300"
20-Oct-22,11.03,11.43,10.88,10.97,10.97,"47,109,300"
19-Oct-22,11.8,11.9,10.71,10.92,10.92,"99,014,200"
18-Oct-22,13.08,13.22,12.09,12.21,12.21,"58,185,400"
17-Oct-22,12.19,12.64,12.12,12.21,12.21,"51,097,200"
14-Oct-22,12.99,13.18,11.73,11.75,11.75,"59,846,600"
13-Oct-22,12.35,12.85,11.95,12.78,12.78,"53,451,100"
12-Oct-22,12.93,13.46,12.48,12.88,12.88,"50,001,300"
11-Oct-22,13.13,13.42,12.58,12.83,12.83,"51,761,500"
10-Oct-22,13.66,13.73,13.02,13.28,13.28,"48,731,700"
7-Oct-22,14.29,14.53,13.54,13.76,13.76,"53,268,900"
6-Oct-22,16,16.24,14.76,14.77,14.77,"67,739,000"
5-Oct-22,16.5,16.68,15.64,16.04,16.04,"39,737,500"
4-Oct-22,16.17,16.88,15.95,16.73,16.73,"45,093,600"
3-Oct-22,15.85,15.94,15.28,15.49,15.49,"38,423,000"
30-Sep-22,15.21,16.15,15.2,15.77,15.77,"39,341,300"
29-Sep-22,16.83,16.94,15.37,15.58,15.58,"51,517,700"
28-Sep-22,16.8,17.46,16.66,17.33,17.33,"37,295,600"
27-Sep-22,18.18,18.23,16.98,17.19,17.19,"40,675,200"
26-Sep-22,17.77,18.4,17.53,17.62,17.62,"42,024,500"
23-Sep-22,18,18.21,17.42,17.64,17.64,"39,484,400"
22-Sep-22,18.51,19.18,18.09,18.35,18.35,"36,823,100"
21-Sep-22,20.12,20.16,18.25,18.3,18.3,"64,553,200"
20-Sep-22,20.7,20.95,20.21,20.41,20.41,"29,290,000"
19-Sep-22,19.75,20.96,19.75,20.9,20.9,"36,244,000"
16-Sep-22,21.1,21.35,19.96,20.15,20.15,"65,778,700"
15-Sep-22,21.51,22.74,21.25,21.51,21.51,"43,787,900"
14-Sep-22,21.47,22.09,21.03,21.94,21.94,"47,206,700"
13-Sep-22,20.95,22.3,20.85,21.97,21.97,"77,974,400"
12-Sep-22,20.1,21.88,20.01,21.75,21.75,"86,994,000"
9-Sep-22,18.4,19.59,18.29,19.16,19.16,"54,913,900"
8-Sep-22,17.37,17.7,16.99,17.68,17.68,"30,487,800"
7-Sep-22,16.54,18.37,16.54,17.48,17.48,"58,645,900"
6-Sep-22,17.6,17.81,17.09,17.11,17.11,"32,485,200"
2-Sep-22,18.43,18.65,17.71,17.73,17.73,"44,132,000"
1-Sep-22,19.28,19.35,18.09,18.79,18.79,"47,665,700"
31-Aug-22,20.11,20.38,19.28,19.91,19.91,"39,383,500"
30-Aug-22,19.85,20.22,19.3,19.83,19.83,"29,823,800"
29-Aug-22,19.66,20.67,19.64,19.81,19.81,"33,245,000"
26-Aug-22,20.77,21.26,19.81,19.92,19.92,"61,525,400"
25-Aug-22,19.43,20.37,18.76,20.08,20.08,"42,455,900"
24-Aug-22,18.01,19.23,18,18.87,18.87,"29,271,000"
23-Aug-22,18.69,18.8,17.73,18.29,18.29,"34,210,200"
22-Aug-22,18.88,19.26,18.66,18.95,18.95,"27,327,900"
19-Aug-22,19.62,19.71,18.92,19.05,19.05,"24,262,600"
18-Aug-22,20.02,20.18,19.51,19.91,19.91,"21,640,100"
17-Aug-22,20.68,21.02,20.06,20.08,20.08,"26,455,900"
16-Aug-22,21.15,21.15,20.41,20.91,20.91,"32,103,200"
15-Aug-22,20.51,21.55,20.47,21.3,21.3,"36,347,500"
12-Aug-22,20.26,21.17,19.79,21.11,21.11,"34,953,500"
11-Aug-22,20.4,21.97,20.08,20.82,20.82,"56,333,100"
10-Aug-22,19.58,20.07,19.07,20.05,20.05,"35,345,700"
9-Aug-22,20.23,20.24,19.01,19.17,19.17,"38,118,400"
8-Aug-22,20.25,20.79,20.15,20.17,20.17,"29,584,800"
5-Aug-22,20.53,20.68,19.88,20.22,20.22,"34,056,400"
4-Aug-22,20.39,21.47,20.33,20.9,20.9,"37,737,400"
3-Aug-22,20.31,20.37,19.43,20.3,20.3,"44,049,900"
2-Aug-22,19.68,20.95,19.61,20.18,20.18,"51,262,000"
1-Aug-22,20.19,20.76,19.87,20.18,20.18,"54,375,800"
29-Jul-22,18.81,19.84,18.66,19.73,19.73,"36,943,000"
28-Jul-22,19.18,19.55,18.59,19.49,19.49,"31,078,800"
27-Jul-22,19.14,19.5,18.75,19.38,19.38,"32,854,100"
26-Jul-22,19.35,19.74,18.91,19.04,19.04,"27,669,900"
25-Jul-22,18.98,19.5,18.77,19.33,19.33,"30,357,200"
22-Jul-22,20.72,20.78,19,19.24,19.24,"55,606,900"
21-Jul-22,20.16,21.17,20.16,20.68,20.68,"39,842,100"
20-Jul-22,20.01,20.95,20.01,20.37,20.37,"40,381,200"
19-Jul-22,21.1,21.1,19.52,20.2,20.2,"63,211,700"
18-Jul-22,20.96,21.82,20.6,20.84,20.84,"40,382,300"
15-Jul-22,20.84,20.9,19.93,20.72,20.72,"41,337,800"
14-Jul-22,21.06,21.45,20.66,21.05,21.05,"39,870,500"
13-Jul-22,20.23,21.8,20.23,21.09,21.09,"50,089,200"
12-Jul-22,20.41,21.19,20.04,20.87,20.87,"49,780,800"
11-Jul-22,21.6,21.74,20.5,20.57,20.57,"54,656,800"
8-Jul-22,22.16,23.28,21.66,22.6,22.6,"48,917,200"
7-Jul-22,21.4,23.1,21.36,22.5,22.5,"72,102,000"
6-Jul-22,21.81,21.84,20.26,20.83,20.83,"58,981,700"
5-Jul-22,21.04,22.2,20.35,22.18,22.18,"50,537,400"
1-Jul-22,22.32,22.5,20.95,21.36,21.36,"56,855,500"
30-Jun-22,21.86,22.12,20.9,21.72,21.72,"53,074,100"
29-Jun-22,20.76,22.28,20.6,21.86,21.86,"71,582,000"
28-Jun-22,22.36,23.45,22.02,22.36,22.36,"76,228,500"
27-Jun-22,24.13,24.43,22.85,22.95,22.95,"61,701,600"
24-Jun-22,23.22,24.17,23.16,24.08,24.08,"67,062,600"
23-Jun-22,23.11,23.21,22.23,23.05,23.05,"77,502,800"
22-Jun-22,22.34,23.13,21.93,22.55,22.55,"81,297,100"
21-Jun-22,21.84,23.1,21.58,22.66,22.66,"90,287,700"
17-Jun-22,19.77,20.89,19.73,20.77,20.77,"82,067,300"
16-Jun-22,19.18,19.93,18.47,19.18,19.18,"77,244,500"
15-Jun-22,18.96,20.26,18.18,20.11,20.11,"121,426,000"
14-Jun-22,16.53,19.09,16.49,18.66,18.66,"105,582,700"
13-Jun-22,17.32,17.49,15.84,15.99,15.99,"60,529,400"
10-Jun-22,18.86,19.18,17.81,18.14,18.14,"61,204,800"
9-Jun-22,18.72,19.68,18.45,18.82,18.82,"73,635,000"
8-Jun-22,20.32,20.45,19.86,20.38,20.38,"65,311,600"
7-Jun-22,18.98,19.68,18.6,19.65,19.65,"49,357,200"
6-Jun-22,18.99,19.8,18.8,19.18,19.18,"68,726,800"
3-Jun-22,18.42,18.74,17.81,18.08,18.08,"57,620,700"
2-Jun-22,17.54,18.85,16.99,18.85,18.85,"77,825,000"
1-Jun-22,17.59,18.93,17.48,17.57,17.57,"92,493,700"
31-May-22,17.77,17.92,16.76,17.39,17.39,"96,583,300"
27-May-22,16.16,16.69,15.67,16.57,16.57,"51,414,800"
26-May-22,14.52,16.13,14.33,16.03,16.03,"64,243,800"
25-May-22,14.79,15,14.09,14.64,14.64,"44,911,100"
24-May-22,15.53,15.53,14.4,14.63,14.63,"48,413,500"
23-May-22,15.8,16.01,15.24,16,16,"65,594,700"
20-May-22,17.5,17.6,15.68,16.44,16.44,"86,108,900"
19-May-22,16.11,16.89,15.79,16.66,16.66,"61,191,000"
18-May-22,16.29,16.93,15.66,15.83,15.83,"72,865,500"
17-May-22,15.31,16.69,15.26,16.63,16.63,"93,233,100"
16-May-22,14.81,15.43,14.28,14.55,14.55,"82,270,000"
13-May-22,13.7,14.41,13.54,14.31,14.31,"63,558,000"
12-May-22,12.48,13.75,11.67,13.1,13.1,"83,180,600"
11-May-22,13.79,14.36,12.64,12.71,12.71,"86,081,300"
10-May-22,14.26,14.68,12.86,13.44,13.44,"77,181,800"
9-May-22,14.33,14.53,13.48,13.55,13.55,"63,121,000"
6-May-22,15.61,15.81,14.46,14.92,14.92,"57,655,100"
5-May-22,17.41,17.52,14.87,15.38,15.38,"95,761,700"
4-May-22,17.18,18.22,16.72,18.13,18.13,"53,869,900"
3-May-22,17.29,17.84,16.95,17.53,17.53,"44,062,200"
2-May-22,16.53,17.5,16.4,17.5,17.5,"56,156,200"
29-Apr-22,17.78,18.19,16.66,16.7,16.7,"62,933,900"
28-Apr-22,16.9,17.24,15.91,16.93,16.93,"53,118,500"
27-Apr-22,16.52,17.69,16.52,16.76,16.76,"56,633,000"
26-Apr-22,17.24,17.41,16.16,16.36,16.36,"52,771,600"
25-Apr-22,16.81,17.42,16.18,17.31,17.31,"54,990,900"
22-Apr-22,17.35,18.29,17.12,17.18,17.18,"60,727,300"
21-Apr-22,18.34,18.7,16.98,17.15,17.15,"61,501,400"
20-Apr-22,19.38,19.45,18.07,18.15,18.15,"53,336,400"
19-Apr-22,19.05,19.89,18.36,19.87,19.87,"43,395,000"
18-Apr-22,19.51,19.64,18.51,19.17,19.17,"40,647,500"
14-Apr-22,20.09,20.4,19.53,19.65,19.65,"43,937,500"
13-Apr-22,19.55,20.56,19.03,20.42,20.42,"57,163,200"
12-Apr-22,20.03,20.27,19.22,19.46,19.46,"51,210,800"
11-Apr-22,18.05,20.07,17.77,19.7,19.7,"93,693,800"
8-Apr-22,20.11,20.71,19.83,20,20,"59,574,300"
7-Apr-22,21.49,21.68,19.73,20.36,20.36,"82,617,000"
6-Apr-22,22.04,22.08,20.93,21.68,21.68,"73,501,100"
5-Apr-22,23.97,23.98,22.44,22.47,22.47,"69,772,000"
4-Apr-22,23.31,23.94,22.78,23.85,23.85,"101,280,500"
1-Apr-22,22.41,23.22,21.56,21.93,21.93,"110,169,300"
31-Mar-22,22.28,22.28,20.76,21.05,21.05,"77,641,400"
30-Mar-22,21.83,23.86,21.63,22.17,22.17,"114,646,500"
29-Mar-22,21.58,21.96,21.02,21.88,21.88,"65,946,100"
28-Mar-22,20.42,21.23,20.32,21.21,21.21,"75,247,200"
25-Mar-22,20.31,20.75,19.35,19.91,19.91,"106,936,200"
24-Mar-22,22,22.12,20.66,21.98,21.98,"97,155,000"
23-Mar-22,21.6,22.6,20.89,21.87,21.87,"88,922,000"
22-Mar-22,20.84,22.09,20.59,21.77,21.77,"79,808,500"
21-Mar-22,20.75,21.2,19.33,20.26,20.26,"89,586,400"
18-Mar-22,18.83,21.24,18.55,20.86,20.86,"128,531,700"
17-Mar-22,17.93,18.83,17.44,18.82,18.82,"93,328,900"
16-Mar-22,17.64,18.77,16.78,18.75,18.75,"168,011,700"
15-Mar-22,13.48,15.35,13.01,14.93,14.93,"139,771,600"
14-Mar-22,15.09,15.74,13.82,14.1,14.1,"115,290,300"
11-Mar-22,18.11,18.13,16.07,16.07,16.07,"93,265,200"
10-Mar-22,19,19.1,17.22,17.77,17.77,"105,883,600"
9-Mar-22,18.56,20.55,18.51,20.17,20.17,"84,306,700"
8-Mar-22,18.23,18.75,17.58,17.98,17.98,"74,932,400"
7-Mar-22,18.85,20.03,18.04,18.12,18.12,"79,649,600"
4-Mar-22,20.09,20.29,18.55,18.63,18.63,"68,403,300"
3-Mar-22,21.73,21.81,19.72,19.88,19.88,"69,419,400"
2-Mar-22,21.9,22.21,20.63,21.77,21.77,"47,212,000"
1-Mar-22,22.56,23.35,21.73,21.87,21.87,"50,402,000"
28-Feb-22,21.43,23.15,20.94,22.84,22.84,"83,996,600"
25-Feb-22,21.33,21.57,20.19,20.94,20.94,"56,994,000"
24-Feb-22,18.5,21.31,18.47,21.22,21.22,"77,198,400"
23-Feb-22,22.02,22.5,20.45,20.46,20.46,"49,465,100"
22-Feb-22,22.36,22.96,21.32,21.77,21.77,"56,038,200"
18-Feb-22,24.78,24.79,22.74,23.21,23.21,"52,112,700"
17-Feb-22,25.24,26.27,24.65,24.72,24.72,"34,541,600"
16-Feb-22,25.4,25.84,25.05,25.61,25.61,"32,627,200"
15-Feb-22,24.31,25.84,24.2,25.79,25.79,"47,215,200"
14-Feb-22,23.76,24.54,23.34,23.79,23.79,"41,441,600"
11-Feb-22,24.99,25.68,23.7,24.1,24.1,"47,870,100"
10-Feb-22,25.05,26.41,25.02,25.35,25.35,"54,337,700"
9-Feb-22,25.45,26.24,25.05,26.1,26.1,"56,547,700"
8-Feb-22,23.99,24.86,23.54,24.69,24.69,"42,607,200"
7-Feb-22,23.78,24.78,23.53,23.99,23.99,"39,661,800"
4-Feb-22,23.46,24.32,22.73,23.96,23.96,"45,771,700"
3-Feb-22,22.96,24.62,22.95,23.13,23.13,"55,361,300"
2-Feb-22,24.89,24.89,23.01,23.76,23.76,"60,475,400"
1-Feb-22,24.89,25.23,23.56,24.84,24.84,"81,994,300"
31-Jan-22,21.73,24.64,21.6,24.51,24.51,"96,028,800"
28-Jan-22,20.66,21.32,19.31,20.9,20.9,"96,701,100"
27-Jan-22,22.8,22.81,20.96,21.11,21.11,"78,287,900"
26-Jan-22,24.6,24.78,22.53,22.66,22.66,"72,125,700"
25-Jan-22,24.16,25.01,23.38,23.79,23.79,"53,047,000"
24-Jan-22,25.73,25.98,23.1,24.87,24.87,"94,119,800"
21-Jan-22,28.98,28.99,27.22,27.35,27.35,"60,210,500"
20-Jan-22,29.46,30.88,29.05,29.13,29.13,"45,217,100"
19-Jan-22,29.72,30.15,28.61,28.63,28.63,"34,011,800"
18-Jan-22,30.03,30.91,29.6,29.61,29.61,"33,258,200"
14-Jan-22,30.28,31.32,30.08,30.95,30.95,"34,862,600"
13-Jan-22,31.68,31.85,30.48,30.48,30.48,"35,401,300"
12-Jan-22,31.2,31.86,30.34,31.68,31.68,"54,271,700"
11-Jan-22,28.85,30.44,28.47,30.02,30.02,"41,475,700"
10-Jan-22,29,29.16,27.78,28.91,28.91,"44,833,600"
7-Jan-22,29.45,30.42,28.78,29.3,29.3,"40,781,500"
6-Jan-22,30.01,30.54,28.28,29.31,29.31,"48,723,200"
5-Jan-22,30.97,31.94,29.78,29.88,29.88,"42,442,700"
4-Jan-22,33.35,33.39,31.11,31.58,31.58,"47,866,800"
3-Jan-22,33.52,33.8,31.88,33.47,33.47,"64,286,500"
31-Dec-21,32.04,32.98,31.66,31.68,31.68,"67,569,200"
30-Dec-21,27.89,33.04,27.8,32.42,32.42,"137,245,800"
29-Dec-21,29.56,29.62,27.52,28.25,28.25,"51,169,700"
28-Dec-21,29.88,30.19,29.47,29.63,29.63,"28,807,200"
27-Dec-21,30.39,31.32,29.81,29.96,29.96,"36,081,100"
23-Dec-21,29.61,30.8,28.97,30.52,30.52,"38,379,700"
22-Dec-21,29.56,30.38,29.33,29.85,29.85,"38,368,900"
21-Dec-21,28.73,30.25,28.67,30.16,30.16,"73,653,200"
20-Dec-21,29.45,29.46,27.79,28.16,28.16,"56,945,600"
17-Dec-21,29.53,30.51,28.02,30,30,"54,537,300"
16-Dec-21,31.05,31.64,29.75,30.07,30.07,"42,744,100"
15-Dec-21,31.5,31.84,29.06,30.79,30.79,"80,802,100"
14-Dec-21,32.23,32.38,31.2,32.3,32.3,"45,998,500"
13-Dec-21,33.68,34.67,32.9,33.66,33.66,"31,857,900"
10-Dec-21,33.9,34.55,33.25,34.26,34.26,"32,196,300"
9-Dec-21,34.88,35.55,33.9,34.05,34.05,"36,271,400"
8-Dec-21,33.82,35.3,33.05,35.05,35.05,"48,881,000"
7-Dec-21,34.44,34.52,32.68,33.12,33.12,"51,769,700"
6-Dec-21,32.35,33.32,29.66,32.34,32.34,"70,041,700"
3-Dec-21,34.58,35.22,31.5,32.15,32.15,"106,366,600"
2-Dec-21,38.83,39.68,34.02,36.2,36.2,"85,263,200"
1-Dec-21,40.41,40.83,38.2,38.31,38.31,"48,006,000"
30-Nov-21,40.37,41.42,38.35,39.13,39.13,"47,970,900"
29-Nov-21,40.85,41.2,39.49,40.46,40.46,"35,113,900"
26-Nov-21,39.4,40.34,39.1,39.99,39.99,"30,468,500"
24-Nov-21,41.7,42.51,40.89,41.42,41.42,"33,467,200"
23-Nov-21,41.5,43.12,40.47,42.04,42.04,"55,094,300"
22-Nov-21,40.42,42.84,40.25,41.49,41.49,"70,987,500"
19-Nov-21,38.59,39.1,38,38.66,38.66,"30,069,100"
18-Nov-21,39,39.44,37.45,38.41,38.41,"42,260,200"
17-Nov-21,40.57,40.92,39.07,39.67,39.67,"35,829,900"
16-Nov-21,40.89,41.3,40.02,40.67,40.67,"37,099,000"
15-Nov-21,42.6,42.69,40.02,40.57,40.57,"47,571,700"
12-Nov-21,42.69,43.55,41.91,42.67,42.67,"34,743,100"
11-Nov-21,40.89,42.22,40.35,42.2,42.2,"39,934,000"
10-Nov-21,40.89,42.09,38.83,39.55,39.55,"48,507,300"
9-Nov-21,43.49,43.8,40.6,40.64,40.64,"49,158,000"
8-Nov-21,42.65,44.27,42.28,43.2,43.2,"38,487,900"
5-Nov-21,43.52,43.52,41.82,42.29,42.29,"33,048,700"
4-Nov-21,42.76,44,42.5,43.12,43.12,"53,634,400"
3-Nov-21,41.98,42.41,40.63,41.5,41.5,"34,202,100"
2-Nov-21,40.47,42.49,40.2,41.3,41.3,"46,243,600"
1-Nov-21,38.11,40.84,38.11,40.84,40.84,"53,062,500"
29-Oct-21,40.25,40.55,39.21,39.41,39.41,"33,423,100"
28-Oct-21,39.53,40.8,39.19,40.79,40.79,"32,774,200"
27-Oct-21,40.9,41.28,39.26,39.31,39.31,"28,750,900"
26-Oct-21,41.29,42.61,40.47,40.47,40.47,"55,875,400"
25-Oct-21,39.4,41.42,39.24,41.27,41.27,"46,935,600"
22-Oct-21,39.96,40.39,38.54,38.88,38.88,"28,015,500"
21-Oct-21,39.51,40.6,39.37,39.97,39.97,"25,389,100"
20-Oct-21,39.97,40.34,39.16,39.78,39.78,"25,120,700"
19-Oct-21,40.27,40.9,39.56,40.03,40.03,"37,820,000"
18-Oct-21,37.49,39.84,37.27,39.61,39.61,"43,499,400"
15-Oct-21,36.99,38.29,36.94,37.71,37.71,"48,169,000"
14-Oct-21,36.21,36.45,35.6,36.28,36.28,"29,898,400"
13-Oct-21,35.78,36.68,35.47,36.24,36.24,"33,439,600"
12-Oct-21,35.7,36.05,35.18,35.51,35.51,"26,592,000"
11-Oct-21,36.09,36.52,35.53,35.64,35.64,"25,400,100"
8-Oct-21,36.44,36.55,35.83,35.83,35.83,"31,959,800"
7-Oct-21,35.44,36.64,34.91,35.99,35.99,"67,945,200"
6-Oct-21,33.41,34.16,33.17,33.66,33.66,"22,885,100"
5-Oct-21,33.3,34.31,33.27,33.87,33.87,"26,441,300"
4-Oct-21,35.02,35.02,33.28,33.4,33.4,"40,823,100"
1-Oct-21,36.63,36.67,35.26,35.38,35.38,"34,919,900"
30-Sep-21,35.63,35.98,35.29,35.63,35.63,"25,768,500"
29-Sep-21,35.44,36.36,35.02,35.13,35.13,"33,553,400"
28-Sep-21,36.28,37.03,34.93,35.05,35.05,"37,507,900"
27-Sep-21,35.43,36.86,34.42,36.77,36.77,"36,093,000"
24-Sep-21,35.59,36.07,35.2,35.38,35.38,"23,755,100"
23-Sep-21,36.2,36.5,35.57,36.01,36.01,"27,152,700"
22-Sep-21,35.21,35.83,35.12,35.7,35.7,"26,608,000"
21-Sep-21,35.52,35.82,34.88,34.9,34.9,"31,706,600"
20-Sep-21,36.11,36.32,34.54,35.17,35.17,"57,611,700"
17-Sep-21,37.3,37.57,36.97,37.51,37.51,"29,557,200"
16-Sep-21,37.54,37.67,36.74,37.09,37.09,"33,023,100"
15-Sep-21,38,38.15,36.95,38.03,38.03,"27,049,400"
14-Sep-21,38.49,39.4,37.69,37.89,37.89,"30,857,200"
13-Sep-21,38.01,38.39,36.56,38.39,38.39,"38,410,000"
10-Sep-21,38.62,39.52,37.9,37.98,37.98,"29,273,600"
9-Sep-21,37.98,38.85,37.55,38.45,38.45,"33,812,000"
8-Sep-21,39.17,39.43,37.81,38.14,38.14,"51,800,000"
7-Sep-21,40.85,41.86,40.59,40.59,40.59,"35,292,600"
3-Sep-21,40.11,40.97,39.83,40.37,40.37,"30,353,900"
2-Sep-21,39.07,41.02,38.9,40.35,40.35,"43,827,700"
1-Sep-21,37.49,39.93,37.2,39.08,39.08,"56,911,500"
31-Aug-21,38.24,39.39,37.9,39.31,39.31,"44,942,200"
30-Aug-21,38.17,38.28,36.64,37.8,37.8,"38,128,000"
27-Aug-21,38.23,38.47,37.83,38.05,38.05,"23,496,700"
26-Aug-21,38.63,39.74,37.82,38.26,38.26,"34,432,000"
25-Aug-21,38.66,39.14,38.18,38.95,38.95,"25,641,300"
24-Aug-21,39.24,39.61,38.63,38.94,38.94,"37,927,500"
23-Aug-21,37.44,38.38,37.04,38.17,38.17,"39,610,100"
20-Aug-21,36.63,37.9,36.6,36.92,36.92,"43,491,300"
19-Aug-21,37.89,38.15,36.24,36.29,36.29,"56,718,000"
18-Aug-21,38.49,39.63,37.95,38.86,38.86,"48,277,600"
17-Aug-21,37.46,39.02,36.83,38.1,38.1,"60,838,000"
16-Aug-21,39.46,39.6,38.07,38.62,38.62,"66,407,900"
13-Aug-21,41.9,42.28,40.61,41.03,41.03,"39,161,100"
12-Aug-21,44.35,44.4,41.55,42.47,42.47,"50,685,600"
11-Aug-21,44.71,45.12,43.15,43.97,43.97,"33,805,200"
10-Aug-21,45.47,46.38,44.1,44.22,44.22,"29,572,800"
9-Aug-21,43.7,45.48,43.7,45.21,45.21,"30,548,700"
6-Aug-21,45.55,45.8,43.45,43.84,43.84,"38,016,400"
5-Aug-21,44.75,46.3,44.02,45.6,45.6,"33,362,600"
4-Aug-21,45.47,45.8,44.56,45.09,45.09,"35,453,600"
3-Aug-21,45.23,45.8,43.76,44.57,44.57,"46,029,300"
2-Aug-21,44.65,46.78,44.3,45.85,45.85,"68,453,300"
30-Jul-21,42.23,45.2,41.53,44.68,44.68,"66,262,700"
29-Jul-21,42.25,43.3,41.64,42.62,42.62,"46,847,600"
28-Jul-21,40.91,42,39.79,41.84,41.84,"59,207,200"
27-Jul-21,42.44,43.3,38.66,39.36,39.36,"102,714,000"
26-Jul-21,42.67,44.88,41.93,43.17,43.17,"54,759,200"
23-Jul-21,43.67,44.5,42.5,43.99,43.99,"49,559,100"
22-Jul-21,46.96,47.38,45.47,46.07,46.07,"38,936,400"
21-Jul-21,44.1,47.38,44,46.77,46.77,"59,851,700"
20-Jul-21,43.6,44.41,42.43,44.17,44.17,"37,932,300"
19-Jul-21,41.49,43.67,40.48,43.35,43.35,"65,290,100"
16-Jul-21,43.85,44.4,42.4,42.8,42.8,"49,929,500"
15-Jul-21,43.26,44.77,42.68,43.68,43.68,"55,860,400"
14-Jul-21,44.84,45.17,42.68,43.05,43.05,"56,805,800"
13-Jul-21,46.2,46.91,44.93,44.96,44.96,"44,689,100"
12-Jul-21,45.97,46.82,44.6,46.34,46.34,"54,668,300"
9-Jul-21,46.71,47.01,44.58,45.53,45.53,"64,622,800"
8-Jul-21,43.86,46.26,42.73,45.6,45.6,"93,774,800"
7-Jul-21,50.2,50.55,45.75,46.04,46.04,"85,812,800"
6-Jul-21,49.4,51.74,49.18,50.29,50.29,"67,705,500"
2-Jul-21,51.26,51.47,48.53,50.4,50.4,"78,631,100"
1-Jul-21,54.77,55.13,50.27,50.9,50.9,"124,253,000"
30-Jun-21,50.58,53.84,50.55,53.2,53.2,"92,031,100"
29-Jun-21,49.15,50.61,48.55,50.34,50.34,"64,800,100"
28-Jun-21,45.72,49.65,45.55,49.4,49.4,"90,202,800"
25-Jun-21,45.78,45.94,44.88,45.07,45.07,"32,605,400"
24-Jun-21,45.91,46.59,45.24,45.46,45.46,"37,680,700"
23-Jun-21,44.97,45.98,44.61,45.41,45.41,"39,493,500"
22-Jun-21,45.86,46.55,43.81,44.1,44.1,"61,387,300"
21-Jun-21,46.55,46.99,45.07,46.51,46.51,"44,475,700"
18-Jun-21,47.68,48.37,46.59,46.91,46.91,"90,778,400"
17-Jun-21,45.05,47.76,44.86,47.36,47.36,"64,895,500"
16-Jun-21,44.23,45.13,43.77,45.02,45.02,"47,381,500"
15-Jun-21,46.21,46.38,45.04,45.15,45.15,"44,755,600"
14-Jun-21,45.95,47.25,45.58,46.55,46.55,"65,288,400"
11-Jun-21,42.93,46.26,42.76,45.68,45.68,"85,733,900"
10-Jun-21,42.67,43.43,42.16,42.76,42.76,"34,757,300"
9-Jun-21,43.53,44.44,42.73,42.74,42.74,"36,364,000"
8-Jun-21,44.46,44.89,42.82,43.56,43.56,"50,332,300"
7-Jun-21,41.67,43.9,41.44,43.68,43.68,"53,261,300"
4-Jun-21,41.43,42.33,41.15,41.94,41.94,"40,993,600"
3-Jun-21,40.68,42.37,40.31,40.9,40.9,"62,437,200"
2-Jun-21,42.15,42.88,40.95,41.16,41.16,"66,383,500"
1-Jun-21,39.99,42.44,39.94,42.34,42.34,"101,544,100"
28-May-21,38.74,39.76,38.17,38.62,38.62,"58,236,000"
27-May-21,37.95,38.98,37.18,38.91,38.91,"53,064,400"
26-May-21,36.25,38.08,36.07,37.76,37.76,"55,929,000"
25-May-21,36.32,37.64,35.69,36.07,36.07,"76,628,000"
24-May-21,34.26,36.49,33.56,35.89,35.89,"67,244,400"
21-May-21,34.66,34.78,33.87,34.06,34.06,"49,568,800"
20-May-21,33.98,34.51,33.64,34.33,34.33,"48,991,700"
19-May-21,32.98,33.46,32.59,33.46,33.46,"68,799,800"
18-May-21,34.01,34.78,33.26,34.19,34.19,"64,929,500"
17-May-21,33.33,34.16,32.82,33.81,33.81,"64,020,000"
14-May-21,31.94,33.69,31.56,33.42,33.42,"80,214,300"
13-May-21,33.85,34.27,30.71,31.22,31.22,"113,686,700"
12-May-21,34.38,35.13,33.48,33.68,33.68,"75,993,700"
11-May-21,32.45,35.46,32.2,34.87,34.87,"113,418,900"
10-May-21,36.78,36.79,34.3,34.33,34.33,"92,293,900"
7-May-21,37.17,38.04,36.62,36.94,36.94,"55,551,700"
6-May-21,37.49,38.04,35.77,36.68,36.68,"71,656,000"
5-May-21,38.34,38.7,37.34,37.71,37.71,"56,336,200"
4-May-21,38.99,39.32,36.92,37.93,37.93,"78,256,800"
3-May-21,40.34,41.45,39.31,39.54,39.54,"80,089,600"
30-Apr-21,37.73,41.22,37.35,39.84,39.84,"116,728,700"
29-Apr-21,41.38,41.49,38.73,38.99,38.99,"82,660,700"
28-Apr-21,40.74,41.95,40.44,41.19,41.19,"57,639,600"
27-Apr-21,43.02,43.13,41.02,41.21,41.21,"69,998,800"
26-Apr-21,41.96,43.22,40.86,42.62,42.62,"88,233,500"
23-Apr-21,40.2,41.2,39.54,41.08,41.08,"70,342,400"
22-Apr-21,38.99,40.45,38.49,39.57,39.57,"115,802,700"
21-Apr-21,36.53,38.96,36.16,38.9,38.9,"77,449,200"
20-Apr-21,37.17,37.82,35.94,36.93,36.93,"71,208,600"
19-Apr-21,36.78,37.54,35.36,36.78,36.78,"92,190,700"
16-Apr-21,34.69,36.54,34.06,36.09,36.09,"84,477,400"
15-Apr-21,37.02,37.06,34.56,35.66,35.66,"100,437,400"
14-Apr-21,39.23,39.33,36.79,37.02,37.02,"78,454,000"
13-Apr-21,37.48,38.66,37.33,38.48,38.48,"62,005,700"
12-Apr-21,37.96,38,36.76,37.14,37.14,"53,428,100"
9-Apr-21,38.35,38.36,37.01,38.12,38.12,"69,272,700"
8-Apr-21,37.62,39.18,37.47,38.7,38.7,"63,692,000"
7-Apr-21,39.7,39.85,36.95,37.27,37.27,"80,022,800"
6-Apr-21,38.83,40.39,38.42,40,40,"67,969,400"
5-Apr-21,40.54,40.65,38.72,39.31,39.31,"71,418,400"
1-Apr-21,41.56,42.06,39.25,39.66,39.66,"116,305,500"
31-Mar-21,38.96,39.25,37.45,38.98,38.98,"98,298,400"
30-Mar-21,35.2,37.96,34.61,37.55,37.55,"106,153,500"
29-Mar-21,35.26,36.84,34.5,35.51,35.51,"83,188,200"
26-Mar-21,35.65,36.65,34,36.13,36.13,"163,039,700"
25-Mar-21,35.24,39.19,35.12,37.94,37.94,"118,082,000"
24-Mar-21,41.2,41.29,36.58,36.96,36.96,"130,695,000"
23-Mar-21,42.58,43.11,40.98,41.18,41.18,"58,542,300"
22-Mar-21,44.07,44.56,42.58,42.94,42.94,"72,838,500"
19-Mar-21,41.44,43.4,40.44,43.35,43.35,"97,657,200"
18-Mar-21,43.3,44.26,41.45,41.63,41.63,"71,159,900"
17-Mar-21,41.9,45.02,41.33,44.76,44.76,"96,150,000"
16-Mar-21,45.04,45.66,43.17,43.68,43.68,"84,361,400"
15-Mar-21,45.55,46.29,44.38,44.93,44.93,"74,013,600"
12-Mar-21,43.51,45.8,42.76,45.5,45.5,"113,460,100"
11-Mar-21,44.44,46.16,42.8,46.03,46.03,"134,788,000"
10-Mar-21,43.5,45.26,40.25,41.32,41.32,"190,801,800"
9-Mar-21,37.48,42.08,36.52,41.35,41.35,"176,602,600"
8-Mar-21,36.97,39.48,34.9,35.21,35.21,"143,074,800"
5-Mar-21,39.24,39.87,31.91,38.11,38.11,"270,803,200"
4-Mar-21,40.49,42.43,37.59,39.28,39.28,"205,872,700"
3-Mar-21,44.58,45.08,41.11,41.53,41.53,"107,863,400"
2-Mar-21,46.11,47.13,42.66,43.29,43.29,"161,334,000"
1-Mar-21,48.55,50.42,47.63,49.76,49.76,"94,238,500"
26-Feb-21,47,47.95,44.62,45.78,45.78,"100,315,500"
25-Feb-21,51.6,51.85,46.01,46.81,46.81,"95,513,800"
24-Feb-21,49.31,52.07,47.75,51.86,51.86,"82,488,600"
23-Feb-21,45.62,49.67,41.66,49.11,49.11,"142,544,300"
22-Feb-21,54.18,54.37,50.4,50.68,50.68,"68,831,300"
19-Feb-21,55.72,56.04,54.1,55.04,55.04,"43,020,700"
18-Feb-21,55.45,56.38,52.6,54.43,54.43,"62,505,700"
17-Feb-21,57.92,58.03,55.9,57.32,57.32,"64,196,800"
16-Feb-21,60.4,62.14,58.65,59.23,59.23,"55,084,100"
12-Feb-21,60.26,61.05,59.1,59.85,59.85,"40,233,100"
11-Feb-21,61.69,63.06,59.81,60.27,60.27,"55,732,800"
10-Feb-21,62.55,64.6,60.33,61.26,61.26,"90,366,700"
9-Feb-21,58.95,63.1,58.24,62.84,62.84,"97,246,500"
8-Feb-21,57.08,59.52,56.18,59.07,59.07,"64,030,100"
5-Feb-21,57.74,57.98,56.01,56.67,56.67,"43,057,500"
4-Feb-21,58.79,59.2,57.11,57.6,57.6,"48,667,900"
3-Feb-21,55.96,58.72,54.84,57.98,57.98,"80,122,300"
2-Feb-21,57.06,57.54,54.51,55.77,55.77,"66,234,100"
1-Feb-21,59.07,59.12,54.37,56.99,56.99,"79,878,700"
29-Jan-21,59.03,60.71,56.44,57,57,"78,678,200"
28-Jan-21,56.76,59.46,55.15,58.37,58.37,"73,955,100"
27-Jan-21,57.95,59.79,56.6,57.15,57.15,"73,078,300"
26-Jan-21,60.04,60.67,58.64,60.31,60.31,"70,393,300"
25-Jan-21,64.05,64.52,58.35,59.99,59.99,"111,986,400"
22-Jan-21,58.95,62.17,58.32,61.95,61.95,"133,918,100"
21-Jan-21,57.02,58.58,55.88,58.34,58.34,"73,119,500"
20-Jan-21,59.85,60.09,56.19,57.71,57.71,"94,983,600"
19-Jan-21,58.21,59.01,56.41,58.44,58.44,"99,561,100"
15-Jan-21,59.84,60.22,55.67,56.27,56.27,"132,247,900"
14-Jan-21,62.63,63.23,60.04,60.87,60.87,"99,338,400"
13-Jan-21,62.94,64.41,61.41,62.15,62.15,"116,059,200"
12-Jan-21,61.42,64.13,60.42,62.04,62.04,"184,319,300"
11-Jan-21,64.95,66.99,62.19,62.7,62.7,"279,770,300"
8-Jan-21,57.76,59.31,55.88,58.92,58.92,"218,512,800"
7-Jan-21,53.05,54.61,52.35,54.28,54.28,"119,429,200"
6-Jan-21,54.02,55.28,49.08,50.5,50.5,"176,397,700"
5-Jan-21,51.97,53.75,50.4,53.2,53.2,"147,474,800"
4-Jan-21,51.2,54.45,50.67,53.49,53.49,"213,109,700"
31-Dec-20,48.46,50.5,47.77,48.74,48.74,"129,344,300"
30-Dec-20,46.5,48.38,45.72,48.38,48.38,"116,691,700"
29-Dec-20,43.7,46.28,42.23,46.14,46.14,"120,689,900"
28-Dec-20,46.67,46.85,43.67,44.06,44.06,"105,078,000"
24-Dec-20,46.88,47.13,45.35,45.77,45.77,"60,582,500"
23-Dec-20,47.48,48.36,45.81,47.01,47.01,"81,247,900"
22-Dec-20,49.61,49.84,46.53,47.58,47.58,"117,118,300"
21-Dec-20,45.63,49.49,45.02,48.95,48.95,"132,558,100"
18-Dec-20,45.89,48,45.52,46.72,46.72,"126,251,100"
17-Dec-20,45.17,46.05,43.9,46,46,"130,003,700"
16-Dec-20,44.25,45.26,43.33,44.67,44.67,"120,109,600"
15-Dec-20,42.47,43.84,41.27,43.5,43.5,"132,336,900"
14-Dec-20,39.94,41.48,39.51,40.98,40.98,"171,598,200"
11-Dec-20,42.48,43.63,41.26,41.98,41.98,"147,076,100"
10-Dec-20,42.44,45.67,41.89,45.22,45.22,"107,376,800"
9-Dec-20,47.08,47.2,42.96,44.01,44.01,"121,387,900"
8-Dec-20,47.21,48.3,45.67,46.56,46.56,"115,799,600"
7-Dec-20,42.5,46.32,42.41,45.11,45.11,"165,048,500"
4-Dec-20,44.66,45.16,41.65,43.04,43.04,"191,969,900"
3-Dec-20,47.9,48.65,45.21,45.35,45.35,"173,424,000"
2-Dec-20,40.16,48,38.43,47.98,47.98,"313,028,300"
1-Dec-20,52.02,52.1,44.05,45.36,45.36,"246,472,300"
30-Nov-20,54.21,54.39,48.18,50.53,50.53,"179,765,400"
27-Nov-20,54.86,55.55,52.6,54,54,"105,795,100"
25-Nov-20,49.98,53.99,49.25,53.69,53.69,"204,508,500"
24-Nov-20,56.99,57.2,51.5,53.51,53.51,"243,669,700"
23-Nov-20,50.86,55.7,50.48,55.38,55.38,"270,203,000"
20-Nov-20,48.27,50.59,47.88,49.25,49.25,"209,106,300"
19-Nov-20,45.36,48.92,44.68,48.45,48.45,"233,779,100"
18-Nov-20,45.75,46.72,42.5,45.06,45.06,"271,678,300"
17-Nov-20,47.57,49.37,44.96,46.59,46.59,"345,578,500"
16-Nov-20,41.12,45.85,41.1,45.58,45.58,"306,209,100"
13-Nov-20,51.29,54.2,40.55,44.56,44.56,"577,185,100"
12-Nov-20,44.48,49.35,43.95,48.3,48.3,"345,932,900"
11-Nov-20,39.71,43.23,38.64,43.08,43.08,"179,581,200"
10-Nov-20,44.5,45.2,38.11,41.55,41.55,"237,403,600"
9-Nov-20,41.65,45.29,40.38,44.02,44.02,"218,733,300"
6-Nov-20,41.09,43.3,40.05,41.63,41.63,"288,784,300"
5-Nov-20,38.78,42.49,38.25,42.35,42.35,"302,472,600"
4-Nov-20,37.44,39.75,35.82,37.71,37.71,"339,385,900"
3-Nov-20,33.57,35.87,32.78,35.5,35.5,"217,608,100"
2-Nov-20,33.95,34.94,31.68,33.32,33.32,"265,719,900"
30-Oct-20,31.39,31.59,30.03,30.58,30.58,"136,607,400"
29-Oct-20,28.52,32.2,28.32,31.99,31.99,"214,034,700"
28-Oct-20,27.92,28.1,26.51,27.51,27.51,"89,374,900"
27-Oct-20,26.21,28.46,26.03,28.44,28.44,"104,257,700"
26-Oct-20,26.61,27.35,25.46,26.01,26.01,"72,610,300"
23-Oct-20,27.37,27.42,26.48,27.16,27.16,"51,784,000"
22-Oct-20,28.15,28.28,26.81,27.38,27.38,"72,173,300"
21-Oct-20,27.9,28.43,27.39,27.86,27.86,"65,357,900"
20-Oct-20,27.42,28.3,27.05,27.96,27.96,"105,233,400"
19-Oct-20,28.21,28.56,27.22,27.63,27.63,"115,708,700"
16-Oct-20,29.18,29.4,27.94,28.48,28.48,"186,764,700"
15-Oct-20,27.2,29.23,25.78,28.07,28.07,"385,210,600"
14-Oct-20,23.98,26.96,23.73,26.5,26.5,"382,663,200"
13-Oct-20,21.86,21.97,21.17,21.62,21.62,"42,581,500"
12-Oct-20,21.88,22.18,21.55,21.85,21.85,"45,476,800"
9-Oct-20,21.62,21.74,21.32,21.47,21.47,"37,329,000"
8-Oct-20,22.05,22.45,21.29,21.44,21.44,"77,719,600"
7-Oct-20,21.06,21.77,20.79,21.56,21.56,"59,354,300"
6-Oct-20,21.71,21.94,20.6,20.67,20.67,"73,217,100"
5-Oct-20,21.66,21.92,21.07,21.59,21.59,"60,860,100"
2-Oct-20,20.83,22.2,20.8,21.18,21.18,"92,713,600"
1-Oct-20,21.68,21.96,20.83,21.76,21.76,"79,117,100"
30-Sep-20,21.72,22.59,20.76,21.22,21.22,"183,530,500"
29-Sep-20,18.76,21.12,18.71,20.85,20.85,"163,159,200"
28-Sep-20,18.88,19.16,18.43,18.81,18.81,"42,786,200"
25-Sep-20,18.02,18.62,17.95,18.32,18.32,"44,122,100"
24-Sep-20,17.32,18.39,16.75,17.85,17.85,"71,069,500"
23-Sep-20,19.22,19.36,17.8,17.96,17.96,"70,568,100"
22-Sep-20,18.48,19.45,18.37,19.23,19.23,"61,061,100"
21-Sep-20,19.05,19.27,17.66,18.81,18.81,"75,969,500"
18-Sep-20,19.72,19.88,18.94,19.41,19.41,"54,885,500"
17-Sep-20,18.26,19.33,18.08,19.3,19.3,"55,186,600"
16-Sep-20,19.27,19.54,18.52,19.01,19.01,"57,671,000"
15-Sep-20,19.1,20.25,18.88,19.19,19.19,"111,630,500"
14-Sep-20,18.18,18.78,17.9,18.73,18.73,"68,234,900"
11-Sep-20,18,18.1,17.45,17.97,17.97,"55,373,500"
10-Sep-20,18.49,18.72,17.49,17.74,17.74,"79,679,800"
9-Sep-20,17.9,18.63,17.7,18.09,18.09,"90,988,400"
8-Sep-20,17.17,17.86,16.51,17.03,17.03,"89,624,600"
4-Sep-20,18.54,19.18,15.61,17.98,17.98,"163,329,800"
3-Sep-20,19.09,19.84,18.35,18.7,18.7,"128,358,400"
2-Sep-20,20.92,21.05,18.5,19.9,19.9,"153,460,600"
1-Sep-20,19.45,20.38,18.75,20.12,20.12,"137,226,000"
31-Aug-20,17.19,19.83,16.82,19.03,19.03,"226,610,900"
28-Aug-20,18.87,19.44,18.11,18.5,18.5,"154,799,800"
27-Aug-20,19.99,20.47,18.76,19.88,19.88,"199,850,300"
26-Aug-20,19.01,20.97,18.56,20.44,20.44,"364,104,600"
25-Aug-20,15.08,17.87,15.06,17.84,17.84,"299,047,800"
24-Aug-20,14.63,14.98,14.31,14.97,14.97,"98,697,700"
21-Aug-20,13.64,14.58,13.62,14.12,14.12,"70,189,900"
20-Aug-20,13.85,14.05,13.53,13.78,13.78,"50,072,800"
19-Aug-20,14.29,14.41,13.85,14.06,14.06,"41,966,800"
18-Aug-20,14.23,14.69,13.87,14.3,14.3,"69,962,400"
17-Aug-20,13.07,14.05,13.06,14.05,14.05,"78,340,500"
14-Aug-20,13.18,13.18,12.54,13.1,13.1,"63,250,700"
13-Aug-20,13.45,13.64,13.17,13.36,13.36,"50,093,500"
12-Aug-20,13.37,13.45,12.67,13.36,13.36,"77,260,200"
11-Aug-20,15.3,15.45,12.94,12.99,12.99,"181,311,500"
10-Aug-20,13.94,14.42,13.68,14.21,14.21,"84,267,300"
7-Aug-20,13.54,13.73,13.2,13.42,13.42,"57,746,000"
6-Aug-20,14.1,14.31,13.52,13.84,13.84,"49,787,700"
5-Aug-20,13.41,14.08,13.37,13.92,13.92,"60,046,000"
4-Aug-20,14.46,14.53,13.22,13.64,13.64,"125,731,400"
3-Aug-20,12.53,13.67,12.46,13.6,13.6,"122,925,300"
31-Jul-20,12.41,12.59,11.73,11.94,11.94,"61,620,400"
30-Jul-20,12.62,12.95,12.07,12.2,12.2,"64,952,900"
29-Jul-20,12.65,13,12.43,12.7,12.7,"69,552,600"
28-Jul-20,11.48,12.64,11.38,12.27,12.27,"90,075,800"
27-Jul-20,12.03,12.09,11.27,11.69,11.69,"64,068,500"
24-Jul-20,11.38,11.9,10.91,11.82,11.82,"93,425,300"
23-Jul-20,12.59,12.63,11.85,12.15,12.15,"95,206,300"
22-Jul-20,12.38,12.83,11.81,12.38,12.38,"112,260,500"
21-Jul-20,13.45,13.58,12.62,12.88,12.88,"128,036,000"
20-Jul-20,11.42,12.84,11.38,12.82,12.82,"155,428,100"
17-Jul-20,11.86,12.07,10.46,11.09,11.09,"289,518,000"
16-Jul-20,12.46,13.16,12.45,12.94,12.94,"134,606,300"
15-Jul-20,13.82,13.95,12.85,13.52,13.52,"114,603,700"
14-Jul-20,13.25,14.13,12.42,14.09,14.09,"196,123,200"
13-Jul-20,15.26,16.44,13.61,13.84,13.84,"313,460,300"
10-Jul-20,15.61,15.73,14.2,14.98,14.98,"318,851,300"
9-Jul-20,13.5,14.63,13.07,14.57,14.57,"316,792,000"
8-Jul-20,14.1,15.28,12,12.88,12.88,"570,911,400"
7-Jul-20,11.26,13.77,10.7,13.22,13.22,"444,070,500"
6-Jul-20,11.05,12.3,10.93,11.51,11.51,"329,223,800"
2-Jul-20,9.05,9.4,8.7,9.38,9.38,"221,496,700"
1-Jul-20,7.79,7.99,7.67,7.91,7.91,"64,842,600"
30-Jun-20,7.21,7.75,7.12,7.72,7.72,"84,485,500"
29-Jun-20,6.98,7.25,6.71,7.23,7.23,"46,070,400"
26-Jun-20,7.03,7.18,6.8,6.9,6.9,"33,596,800"
25-Jun-20,6.66,7.15,6.6,7.08,7.08,"46,660,300"
24-Jun-20,6.93,7.08,6.5,6.86,6.86,"103,888,600"
23-Jun-20,7.55,7.69,7.19,7.23,7.23,"79,863,500"
22-Jun-20,7.86,7.9,7.38,7.43,7.43,"112,976,000"
19-Jun-20,7.36,7.63,7.23,7.34,7.34,"84,604,200"
18-Jun-20,6.8,7.36,6.78,7.18,7.18,"78,846,400"
17-Jun-20,6.93,6.98,6.67,6.84,6.84,"58,927,300"
16-Jun-20,7.43,7.44,6.53,6.99,6.99,"130,478,600"
15-Jun-20,5.97,6.99,5.92,6.83,6.83,"113,694,400"
12-Jun-20,6.2,6.32,5.92,6.1,6.1,"59,838,800"
11-Jun-20,5.79,6.09,5.66,5.91,5.91,"126,509,700"
10-Jun-20,6.72,6.95,6.16,6.3,6.3,"100,170,700"
9-Jun-20,5.84,6.83,5.76,6.68,6.68,"136,907,900"
8-Jun-20,5.81,6.08,5.68,5.97,5.97,"85,951,600"
5-Jun-20,6.03,6.08,5.52,5.59,5.59,"90,811,800"
4-Jun-20,6.01,6.2,5.61,5.97,5.97,"173,052,600"
3-Jun-20,5,5.7,4.98,5.6,5.6,"199,210,000"
2-Jun-20,4.36,4.73,4.35,4.7,4.7,"82,476,600"
1-Jun-20,4,4.33,3.96,4.26,4.26,"69,222,000"
29-May-20,3.82,4,3.73,3.98,3.98,"50,303,000"
28-May-20,3.98,4.12,3.75,3.83,3.83,"62,756,900"
27-May-20,4.01,4.2,3.9,4.17,4.17,"70,718,900"
26-May-20,3.42,3.83,3.4,3.82,3.82,"59,847,900"
22-May-20,3.33,3.34,3.18,3.27,3.27,"22,887,300"
21-May-20,3.4,3.44,3.23,3.33,3.33,"41,628,400"
20-May-20,3.76,3.82,3.4,3.48,3.48,"52,056,900"
19-May-20,3.62,3.75,3.59,3.69,3.69,"21,707,400"
18-May-20,3.5,3.69,3.5,3.61,3.61,"27,771,300"
15-May-20,3.37,3.45,3.36,3.37,3.37,"13,699,000"
14-May-20,3.33,3.52,3.27,3.45,3.45,"20,936,400"
13-May-20,3.64,3.68,3.32,3.44,3.44,"34,034,700"
12-May-20,3.74,3.78,3.61,3.62,3.62,"21,943,800"
11-May-20,3.72,3.77,3.66,3.74,3.74,"16,585,600"
8-May-20,3.68,3.8,3.6,3.77,3.77,"27,638,000"
7-May-20,3.63,3.67,3.52,3.63,3.63,"26,736,700"
6-May-20,3.59,3.65,3.45,3.62,3.62,"54,347,800"
5-May-20,3.44,3.48,3.28,3.28,3.28,"22,315,800"
4-May-20,3.08,3.36,3.08,3.34,3.34,"23,387,500"
1-May-20,3.3,3.33,3.12,3.18,3.18,"31,268,900"
30-Apr-20,3.63,3.72,3.37,3.41,3.41,"44,540,400"
29-Apr-20,3.83,3.98,3.59,3.61,3.61,"89,238,800"
28-Apr-20,3.4,3.45,3.2,3.34,3.34,"36,326,800"
27-Apr-20,3,3.26,2.95,3.24,3.24,"35,641,100"
24-Apr-20,3.08,3.1,2.91,2.94,2.94,"22,069,700"
23-Apr-20,3.2,3.2,3.05,3.06,3.06,"17,434,200"
22-Apr-20,3.09,3.15,3.05,3.09,3.09,"14,494,000"
21-Apr-20,3.1,3.22,3.01,3.02,3.02,"19,789,700"
20-Apr-20,3.18,3.35,3.05,3.19,3.19,"18,691,700"
17-Apr-20,3.36,3.36,3.15,3.21,3.21,"22,831,800"
16-Apr-20,3.3,3.41,3.2,3.25,3.25,"37,801,700"
15-Apr-20,2.95,3.2,2.88,3.2,3.2,"27,529,800"
14-Apr-20,3.15,3.16,2.92,3.01,3.01,"36,479,000"
13-Apr-20,2.67,2.97,2.63,2.97,2.97,"38,421,700"
9-Apr-20,2.82,2.82,2.63,2.67,2.67,"32,810,000"