Date,Open,High,Low,Close,Adj Close ,Volume
10-Apr-25,88.5,88.65,83.6,84.04,84.04,"1,520,172"
9-Apr-25,81.11,92.47,79.88,91.51,91.51,"17,839,000"
8-Apr-25,87.15,88.28,81.27,82.66,82.66,"11,509,800"
7-Apr-25,84.01,89.42,81.72,85.67,85.67,"12,870,200"
4-Apr-25,92.1,92.65,85.55,86.29,86.29,"15,158,400"
3-Apr-25,100.33,101.44,95.12,95.25,95.25,"13,870,900"
2-Apr-25,104.4,106.2,104.24,106.1,106.1,"6,527,500"
1-Apr-25,104.91,105.71,104.02,105.39,105.39,"6,809,500"
31-Mar-25,102.22,105.46,102.01,105.02,105.02,"7,905,800"
28-Mar-25,102.44,103.26,101.61,102.37,102.37,"3,745,400"
27-Mar-25,102.9,103.84,102.23,102.82,102.82,"4,712,000"
26-Mar-25,103.65,104.87,102.61,103.2,103.2,"7,168,400"
25-Mar-25,102.58,103.35,101.42,102.55,102.55,"6,556,500"
24-Mar-25,102.03,102.93,101.57,102.19,102.19,"6,768,300"
21-Mar-25,102.41,102.96,101.34,101.92,101.92,"55,090,400"
20-Mar-25,101.15,102.63,100.84,102.31,102.31,"11,577,800"
19-Mar-25,100.5,102.66,100.27,101.33,101.33,"8,784,600"
18-Mar-25,100.46,100.93,98.73,100.53,100.53,"7,861,500"
17-Mar-25,99.25,100.52,99.02,99.36,99.36,"8,031,100"
14-Mar-25,96.94,99.64,96.22,98.95,98.95,"7,625,800"
13-Mar-25,97,99.37,96.14,96.19,96.19,"11,354,700"
12-Mar-25,95.18,97.79,95.01,97.75,97.75,"10,147,300"
11-Mar-25,92.9,96.14,92.9,95.41,95.41,"14,544,100"
10-Mar-25,91.45,94.03,90.65,92.9,92.9,"12,086,700"
7-Mar-25,89.39,91.07,89.39,90.63,90.63,"8,603,700"
6-Mar-25,88.8,89.64,87.92,88.6,88.6,"8,679,000"
5-Mar-25,88.83,89.4,86.81,88.88,88.88,"12,081,100"
4-Mar-25,91.06,92.11,88.47,90.64,90.64,"14,000,500"
3-Mar-25,99.75,99.76,91.56,92.63,92.63,"12,640,200"
28-Feb-25,97.13,99.19,96.09,99.15,99.15,"9,002,600"
27-Feb-25,97.2,98.99,96.31,97.37,97.37,"6,306,300"
26-Feb-25,97.3,97.4,95.23,96.13,96.13,"6,292,400"
25-Feb-25,99.28,99.76,96.88,97.08,97.08,"5,822,000"
24-Feb-25,98.06,99.35,97.89,98.82,98.82,"6,277,700"
21-Feb-25,101.05,101.57,97.79,97.94,97.94,"8,562,200"
20-Feb-25,99.75,102.09,99.2,102,102,"6,309,200"
19-Feb-25,98.35,100.29,98.16,99.57,99.57,"7,515,100"
18-Feb-25,96.24,97.63,95.29,97.45,97.45,"11,777,700"
14-Feb-25,96.91,98.46,96.24,96.26,96.26,"7,960,800"
13-Feb-25,97.82,98.01,96.41,96.9,96.12,"9,329,100"
12-Feb-25,101,101.71,98.33,98.4,97.61,"7,585,800"
11-Feb-25,99.53,102.61,99.2,101.71,100.89,"8,063,700"
10-Feb-25,99.61,99.61,97.82,99.48,98.68,"10,338,500"
7-Feb-25,100.06,100.45,98.27,98.36,97.57,"12,121,700"
6-Feb-25,98.89,101.1,98.6,99.94,99.14,"8,543,400"
5-Feb-25,100.53,100.88,99.4,100.21,99.4,"6,961,100"
4-Feb-25,97.7,100.8,97.53,100.58,99.77,"5,310,900"
3-Feb-25,98.75,98.94,97.04,98.48,97.69,"5,948,600"
31-Jan-25,101.33,101.34,98.56,98.83,98.03,"6,267,100"
30-Jan-25,102,102.27,100.94,101.46,100.64,"4,046,900"
29-Jan-25,101.15,101.9,100.35,101.56,100.74,"4,130,600"
28-Jan-25,102.89,103.33,100.74,101.38,100.56,"4,742,100"
27-Jan-25,102.46,103.71,101.4,102.69,101.86,"6,831,000"
24-Jan-25,104.51,104.75,101.73,101.83,101.01,"5,962,100"
23-Jan-25,104.11,105.48,103.63,103.99,103.15,"5,734,200"
22-Jan-25,104.28,104.99,102.92,103.06,102.23,"4,839,100"
21-Jan-25,105,105.73,104.04,104.28,103.44,"7,144,700"
17-Jan-25,105.8,106.15,105.17,105.85,105,"8,559,300"
16-Jan-25,105.19,106.17,105.09,105.61,104.76,"5,273,500"
15-Jan-25,105.02,105.87,104.44,105.48,104.63,"4,566,900"
14-Jan-25,103.38,104.95,103.15,104.88,104.04,"4,808,100"
13-Jan-25,102.02,105.1,102.02,104.23,103.39,"7,342,100"
10-Jan-25,103.5,104.44,101.19,101.92,101.1,"7,013,200"
8-Jan-25,101,102.45,100.75,101.62,100.8,"5,119,900"
7-Jan-25,100.5,102.49,99.91,101.67,100.85,"5,074,700"
6-Jan-25,101.55,102.15,99.64,99.99,99.19,"5,935,500"
3-Jan-25,100.62,101.4,100.29,101.09,100.28,"5,758,200"
2-Jan-25,100,101.28,99.52,100.08,99.27,"5,080,600"
31-Dec-24,97.3,99.3,97.1,99.17,98.37,"5,556,400"
30-Dec-24,97.25,97.6,96.14,97.09,96.31,"5,238,800"
27-Dec-24,97,97.98,96.47,96.92,96.14,"5,889,700"
26-Dec-24,97.13,97.15,96.24,96.89,96.11,"4,325,600"
24-Dec-24,96.5,97.19,95.85,97.11,96.33,"2,677,400"
23-Dec-24,95.43,96.88,94.58,96.38,95.6,"7,892,300"
20-Dec-24,94.76,96.38,94.23,95.12,94.35,"29,542,200"
19-Dec-24,96.99,96.99,95.1,95.18,94.41,"9,951,200"
18-Dec-24,98,98.51,95.75,95.85,95.08,"8,466,500"
17-Dec-24,98.77,99.26,96.75,98.26,97.47,"8,737,800"
16-Dec-24,101.13,101.49,99.43,99.57,98.77,"7,441,800"
13-Dec-24,101.05,102.26,100.58,101.02,100.21,"6,887,800"
12-Dec-24,102.38,102.62,100.87,100.91,100.1,"5,908,600"
11-Dec-24,102.36,102.72,101.69,102.19,101.37,"8,195,500"
10-Dec-24,103.63,104.14,102.1,102.36,101.54,"5,860,800"
9-Dec-24,104.22,105.05,102.88,103.16,102.33,"6,526,500"
6-Dec-24,104.45,104.59,102.4,103.22,102.39,"5,365,600"
5-Dec-24,105.08,105.87,104.01,104.44,103.6,"7,074,700"
4-Dec-24,105.94,106.11,102.83,103.51,102.68,"7,291,000"
3-Dec-24,107.03,107.67,105.71,106.05,105.2,"5,862,600"
2-Dec-24,108.34,108.74,105.54,106.14,105.29,"5,939,700"
29-Nov-24,107.75,108.52,107.36,108.34,107.47,"3,918,700"
27-Nov-24,107.36,108.99,107.11,107.39,106.53,"6,237,600"
26-Nov-24,106.62,107.35,104.9,106.78,105.92,"12,073,700"
25-Nov-24,111.9,111.96,105.54,106.1,105.25,"23,447,400"
22-Nov-24,112.17,112.73,111.13,111.75,110.85,"7,516,200"
21-Nov-24,114.27,115.38,111.5,111.9,111,"12,535,500"
20-Nov-24,112.9,113.99,112.64,113.43,112.52,"4,092,700"
19-Nov-24,112.62,114.14,112.25,113.09,112.18,"5,100,000"
18-Nov-24,113.39,114.46,112.75,113.76,112.84,"5,089,000"
15-Nov-24,112.68,114.07,111.88,112.32,111.42,"4,124,000"
14-Nov-24,112.59,113.02,111.35,112.92,112.01,"4,389,900"
13-Nov-24,110.42,112.46,109.5,111.82,110.92,"5,961,600"
12-Nov-24,112.46,112.83,110.47,110.64,109.75,"5,175,700"
11-Nov-24,111.52,112.75,110.95,112.05,111.15,"3,820,200"
8-Nov-24,111.1,112,110.56,111.59,110.69,"5,314,000"
7-Nov-24,113.91,113.99,111.86,112.4,110.72,"5,442,000"
6-Nov-24,112,114.87,111.39,113.63,111.93,"7,733,600"
5-Nov-24,109.19,110.02,108.58,109.21,107.58,"6,003,100"
4-Nov-24,109,110.07,108.72,108.86,107.23,"5,441,700"
1-Nov-24,109.51,110.01,106.68,107.84,106.23,"7,428,000"
31-Oct-24,106.97,110.65,106,109.54,107.9,"11,969,400"
30-Oct-24,102.86,103.43,102.37,102.98,101.44,"6,413,100"
29-Oct-24,102.96,103.76,102.16,102.32,100.79,"3,809,400"
28-Oct-24,101.8,103.35,101.5,103.26,101.72,"4,438,900"
25-Oct-24,105.06,105.43,104.25,104.56,103,"3,823,100"
24-Oct-24,105,105.17,103.45,104.37,102.81,"3,504,600"
23-Oct-24,104.59,105.06,103.66,104.51,102.95,"4,541,300"
22-Oct-24,105.78,105.81,104.76,105,103.43,"4,710,800"
21-Oct-24,106.65,106.84,104.69,104.99,103.42,"4,387,000"
18-Oct-24,105.93,106.14,104.7,105.67,104.09,"4,326,600"
17-Oct-24,105.32,106.24,104.94,106.15,104.56,"5,093,400"
16-Oct-24,105.64,106,105.04,105.16,103.59,"4,602,900"
15-Oct-24,106,107.13,105.12,105.21,103.64,"6,395,700"
14-Oct-24,109.7,110.43,108.9,109.47,107.84,"5,174,000"
11-Oct-24,110.75,111.7,110.27,110.49,108.84,"6,820,300"
10-Oct-24,111.64,112.83,110.76,111.86,110.19,"3,946,400"
9-Oct-24,109.91,111.52,109.55,110.97,109.31,"4,217,200"
8-Oct-24,112.74,112.92,110.16,110.8,109.15,"5,579,800"
7-Oct-24,114.94,116.08,114.44,114.72,113.01,"4,899,800"
4-Oct-24,113.57,114.63,112.05,114.54,112.83,"7,585,100"
3-Oct-24,110.7,112.51,109.99,112.42,110.74,"7,397,400"
2-Oct-24,111.28,111.64,108.59,110.36,108.71,"7,559,900"
1-Oct-24,104.54,109.68,104.1,109.37,107.74,"8,067,600"
30-Sep-24,104.4,105.58,103.87,105.28,103.71,"6,584,000"
27-Sep-24,102.63,104.84,102.6,104.72,103.16,"5,489,500"
26-Sep-24,103,104.22,102.17,102.31,100.78,"9,524,000"
25-Sep-24,108.5,108.82,105.69,105.73,104.15,"6,561,400"
24-Sep-24,111.34,111.47,108.78,108.91,107.28,"7,787,400"
23-Sep-24,110.1,110.94,107.49,109.69,108.05,"8,197,600"
20-Sep-24,111.16,111.74,109.73,109.87,108.23,"33,515,100"
19-Sep-24,110.5,111.35,109.37,110.55,108.9,"7,990,700"
18-Sep-24,107.52,109.93,107.51,108.62,107,"7,424,100"
17-Sep-24,105.51,108.5,105.3,108.29,106.67,"8,661,300"
16-Sep-24,104.96,105.69,104.45,105.55,103.97,"9,325,300"
13-Sep-24,103.32,104.37,103.05,103.5,101.95,"5,441,600"
12-Sep-24,102.72,103.68,102.15,102.9,101.36,"6,775,900"
11-Sep-24,103.8,104.04,101.3,102.57,101.04,"6,803,100"
10-Sep-24,105.55,105.74,103.24,104,102.45,"5,611,500"
9-Sep-24,106.05,106.67,105.54,105.6,104.02,"6,477,000"
6-Sep-24,107.73,108.62,105.72,106.02,104.44,"5,229,900"
5-Sep-24,109.22,109.39,107.29,107.45,105.85,"5,582,400"
4-Sep-24,110.33,111.19,108.44,108.56,106.94,"6,251,500"
3-Sep-24,111.9,111.91,109.21,109.85,108.21,"6,369,900"
30-Aug-24,113.12,114.04,112.41,113.79,112.09,"5,559,500"
29-Aug-24,112.98,115.14,112.07,114.37,112.66,"5,270,200"
28-Aug-24,112.04,112.2,110.64,112.15,110.48,"4,506,400"
27-Aug-24,113.66,113.66,112.06,112.43,110.75,"3,521,700"
26-Aug-24,113.02,115.03,112.94,113.56,111.86,"6,253,900"
23-Aug-24,110.83,111.49,110.27,111.4,109.74,"4,024,200"
22-Aug-24,109.6,110.52,109.41,109.97,108.33,"3,644,500"
21-Aug-24,110.81,111.19,108.9,109.62,107.98,"4,011,900"
20-Aug-24,111.57,111.81,108.85,109.85,108.21,"6,783,300"
19-Aug-24,111.22,112.75,111.12,111.74,110.07,"4,335,600"
16-Aug-24,110.32,111.38,109.86,111.18,109.52,"3,819,100"
15-Aug-24,109.68,111.37,109.68,111.23,109.57,"6,307,000"
14-Aug-24,108.51,109.84,108.23,109.33,107.7,"6,388,000"
13-Aug-24,108.99,109.38,107.86,108.34,106.72,"5,866,800"
12-Aug-24,108.45,110.23,108.28,110.03,108.39,"5,906,900"
9-Aug-24,108.27,109.1,107.09,108.61,106.22,"5,776,200"
8-Aug-24,107.24,108.64,106.92,108.27,105.89,"5,392,900"
7-Aug-24,107.25,108.44,106.44,106.93,104.58,"7,735,400"
6-Aug-24,104.57,106.45,104.11,105.8,103.47,"8,424,900"
5-Aug-24,104,105.31,102.27,104.57,102.27,"8,475,000"
2-Aug-24,107.72,108.08,103.98,105.77,103.44,"7,445,100"
1-Aug-24,112.45,112.68,107.92,108.39,106,"9,704,600"
31-Jul-24,111.61,112.4,111.1,111.2,108.75,"7,554,600"
30-Jul-24,109.17,110.27,108.94,109.91,107.49,"9,794,200"
29-Jul-24,111.24,111.29,108.38,109.12,106.72,"4,629,500"
26-Jul-24,111.15,111.54,109.93,110.86,108.42,"5,198,800"
25-Jul-24,111,112.04,110.45,111.03,108.59,"5,492,100"
24-Jul-24,111.72,112.42,110.51,111.1,108.65,"4,808,000"
23-Jul-24,111.85,112.05,110.07,110.83,108.39,"5,714,300"
22-Jul-24,113.6,113.67,112.1,112.32,109.85,"5,172,800"
19-Jul-24,117.16,117.32,114.23,114.35,111.83,"7,559,100"
18-Jul-24,116.3,118.4,115.35,116.61,114.04,"5,957,100"
17-Jul-24,115.75,117.4,115.53,116.08,113.53,"6,484,000"
16-Jul-24,113.72,115.42,113.15,115.19,112.65,"4,633,700"
15-Jul-24,114.01,115.2,113.02,114.57,112.05,"5,118,100"
12-Jul-24,114.4,114.6,112.85,113.14,110.65,"4,505,900"
11-Jul-24,112.53,114.38,111.96,113.99,111.48,"5,839,100"
10-Jul-24,110.79,112.63,110.48,112.53,110.05,"3,867,700"
9-Jul-24,110.91,112.64,110.66,111.19,108.74,"3,460,400"
8-Jul-24,111.97,112.64,111.32,112.23,109.76,"4,199,600"
5-Jul-24,114.53,114.72,112.14,112.55,110.07,"4,188,300"
3-Jul-24,114.05,115.66,113.7,114.77,112.24,"2,326,200"
2-Jul-24,115.38,115.61,113.33,114.12,111.61,"3,836,700"
1-Jul-24,115.04,115.46,113.65,114.36,111.84,"3,925,100"
28-Jun-24,115.4,115.57,113.64,114.38,111.86,"7,191,800"
27-Jun-24,114,114.33,113.11,113.97,111.46,"3,846,500"
26-Jun-24,115.2,115.2,112.76,113.61,111.11,"5,366,500"
25-Jun-24,114.71,115.06,113.66,114.99,112.46,"4,961,500"
24-Jun-24,112.25,115.99,111.91,115.17,112.64,"8,802,700"
21-Jun-24,111.83,112.26,110.73,111.34,108.89,"27,097,200"
20-Jun-24,109.6,111.85,109.26,111.33,108.88,"5,442,400"
18-Jun-24,110.07,111.2,109.01,109.41,107,"5,690,200"
17-Jun-24,108.9,109.9,108.48,109.54,107.13,"5,754,200"
14-Jun-24,111.18,111.18,109.12,109.39,106.98,"5,690,400"
13-Jun-24,112,112.17,110.09,110.89,108.45,"5,939,300"
12-Jun-24,114.5,114.97,111.56,112.19,109.72,"8,650,100"
11-Jun-24,113.19,113.65,112.65,113.63,111.13,"4,181,900"
10-Jun-24,112.38,114,111.97,113.3,110.81,"5,307,300"
7-Jun-24,111.97,112.79,111.15,112,109.54,"4,375,700"
6-Jun-24,111.77,112.4,111.54,112.2,109.73,"5,355,200"
5-Jun-24,112.06,112.45,111.3,112.23,109.76,"5,119,100"
4-Jun-24,112.8,113,111.3,112.27,109.8,"7,683,600"
3-Jun-24,116.26,116.43,112.96,113.87,111.36,"7,129,500"
31-May-24,113.86,116.54,113.77,116.48,113.92,"13,830,200"
30-May-24,115.7,116.38,112.93,113.58,111.08,"9,917,100"
29-May-24,117.6,117.66,113.81,115.25,112.71,"14,290,900"
28-May-24,117.83,119.23,117.73,118.96,116.34,"3,830,700"
24-May-24,118.39,118.59,116.86,117.25,114.67,"2,851,100"
23-May-24,118.83,119.43,117.2,117.65,115.06,"3,757,200"
22-May-24,119.52,119.72,117.39,118.19,115.59,"4,468,100"
21-May-24,120.69,121.73,120.29,120.41,117.76,"2,756,700"
20-May-24,121.75,122.11,120.49,120.89,118.23,"2,814,700"
17-May-24,120.9,121.99,120.06,121.71,119.03,"4,450,300"
16-May-24,120.35,121.39,119.6,119.83,117.19,"5,002,900"
15-May-24,120.67,121.91,118.66,120.7,118.04,"6,138,600"
14-May-24,121.53,122.17,120.43,121.04,118.38,"6,144,700"
13-May-24,121.87,122.56,121.27,121.59,118.91,"6,421,200"
10-May-24,123.04,123.98,121.57,121.91,119.23,"4,515,900"
9-May-24,122.99,124.23,122.65,123.39,119.91,"5,430,500"
8-May-24,122.83,123.97,122.7,123.06,119.59,"4,200,200"
7-May-24,123.66,124.94,123.07,123.54,120.06,"5,902,000"
6-May-24,123.08,125.22,123.02,123.55,120.07,"4,848,600"
3-May-24,122.51,122.68,120.88,122.23,118.78,"5,020,700"
2-May-24,124.72,125.2,121.66,122.25,118.8,"7,685,900"
1-May-24,125.08,125.73,123.42,124.34,120.83,"5,423,500"
30-Apr-24,129.81,129.85,125.43,125.62,122.08,"6,296,800"
29-Apr-24,129.75,130.44,128.8,130.22,126.55,"3,609,400"
26-Apr-24,129.46,130.77,128.86,130.24,126.57,"4,823,100"
25-Apr-24,129.7,130.64,128.3,130.11,126.44,"3,666,400"
24-Apr-24,129.37,129.69,128.29,129.28,125.64,"3,846,600"
23-Apr-24,128.63,130.19,127.73,129.84,126.18,"3,773,600"
22-Apr-24,128.61,130.4,126.94,129.33,125.68,"4,194,900"
19-Apr-24,128.14,130.51,127.81,129.38,125.73,"3,984,300"
18-Apr-24,128.73,129.22,127.25,127.81,124.21,"3,588,200"
17-Apr-24,129.12,130.14,127.55,128.33,124.71,"3,869,700"
16-Apr-24,130,130.8,128.5,129.53,125.88,"3,878,600"
15-Apr-24,132.13,132.61,130.03,130.25,126.58,"4,219,300"
12-Apr-24,134.28,135.18,130.39,131.2,127.5,"4,954,300"
11-Apr-24,132.54,133.19,130.65,132.92,129.17,"4,328,800"
10-Apr-24,132.48,133.68,131.76,132.82,129.08,"4,402,400"
9-Apr-24,132.79,133.2,131.01,132.25,128.52,"3,756,000"
8-Apr-24,133.75,134.02,132.18,132.42,128.69,"4,481,900"
5-Apr-24,131.96,133.84,131.19,133.52,129.76,"3,594,500"
4-Apr-24,132.13,132.43,131.05,131.75,128.04,"3,908,400"
3-Apr-24,130.91,132,130.52,131.63,127.92,"3,707,300"
2-Apr-24,129.52,130.84,128.63,130.67,126.99,"4,969,700"
1-Apr-24,128,128.94,126.75,128.68,125.05,"3,036,000"
28-Mar-24,128,128.64,126.71,127.28,123.69,"4,657,800"
27-Mar-24,125.65,127.02,125.32,126.84,123.26,"3,847,800"
26-Mar-24,126.5,126.9,125.2,125.99,122.44,"5,203,400"
25-Mar-24,123.72,126.65,123.15,126.23,122.67,"7,054,400"
22-Mar-24,123.55,124.05,122.71,123.03,119.56,"4,976,100"
21-Mar-24,122.07,123.59,121.68,123.51,120.03,"4,925,600"
20-Mar-24,121.22,122.36,121.03,121.91,118.47,"3,597,000"
19-Mar-24,120.36,122.16,120.3,122.02,118.58,"4,457,800"
18-Mar-24,120.9,121.07,119.16,120.26,116.87,"4,827,900"
15-Mar-24,119.13,120.8,119.13,120.04,116.66,"17,549,000"
14-Mar-24,119.17,119.99,118.74,119.78,116.4,"7,800,800"
13-Mar-24,116.8,118.61,116.17,117.55,114.24,"7,685,400"
12-Mar-24,115.08,115.73,114.36,115.02,111.78,"5,653,000"
11-Mar-24,113.37,115.36,112.65,115.25,112,"5,899,300"
8-Mar-24,112.21,113.21,111.86,113,109.81,"5,227,600"
7-Mar-24,111.73,113.43,111.69,112.74,109.56,"5,097,300"
6-Mar-24,112.3,112.9,111.48,111.99,108.83,"4,888,700"
5-Mar-24,111.21,112.8,110.85,111.22,108.08,"6,247,000"
4-Mar-24,114.04,114.39,111.58,111.64,108.49,"5,877,200"
1-Mar-24,113.8,115.53,113.63,114.24,111.02,"5,094,300"
29-Feb-24,112.51,113.16,111.85,112.54,109.37,"6,624,000"
28-Feb-24,111.9,113.32,111.15,112.04,108.88,"4,578,900"
27-Feb-24,113.03,113.33,111.06,111.61,108.46,"5,060,000"
26-Feb-24,111.2,112.52,110.61,112.42,109.25,"5,751,200"
23-Feb-24,111.09,112.26,110.1,111.51,108.37,"5,206,200"
22-Feb-24,112.06,112.91,111.31,112.22,109.06,"5,104,900"
21-Feb-24,110,113.67,109.7,112.87,109.69,"6,927,900"
20-Feb-24,110.55,111.63,109.36,109.54,106.45,"6,458,300"
16-Feb-24,111.48,111.8,110.4,110.57,107.45,"6,966,100"
15-Feb-24,109.04,111.7,108.84,111,107.87,"9,421,900"
14-Feb-24,110.2,111.04,109.52,110.12,106.26,"7,248,400"
13-Feb-24,111.1,111.93,108.84,109.77,105.92,"6,321,100"
12-Feb-24,111.27,112.14,110.53,111.1,107.2,"5,802,000"
9-Feb-24,113.99,114.3,111.02,111.16,107.26,"5,974,000"
8-Feb-24,113.11,115.29,112.59,113.9,109.91,"7,715,500"
7-Feb-24,111.72,112.97,111.45,112.32,108.38,"6,100,700"
6-Feb-24,110.88,112.45,110.2,111.52,107.61,"4,777,100"
5-Feb-24,110.25,110.86,109.29,109.97,106.11,"4,520,400"
2-Feb-24,111.66,111.95,109.69,110.63,106.75,"4,609,600"
1-Feb-24,112.34,113.22,110.8,111.38,107.47,"5,255,200"
31-Jan-24,113.97,114.1,111.79,111.87,107.95,"5,501,400"
30-Jan-24,111.21,114.33,110.76,114.05,110.05,"6,206,500"
29-Jan-24,112.04,112.1,110.49,111.6,107.69,"4,705,700"
26-Jan-24,112.04,112.45,110.44,112.23,108.29,"4,156,000"
25-Jan-24,109.8,112.08,109.26,112.05,108.12,"5,958,700"
24-Jan-24,108.92,110.02,108.42,109.67,105.82,"5,332,000"
23-Jan-24,107.82,109.42,107.65,107.99,104.2,"3,969,500"
22-Jan-24,107.5,108.39,107,108.06,104.27,"5,740,200"
19-Jan-24,106.05,107.92,105.92,107.87,104.09,"5,699,900"
18-Jan-24,107.34,107.34,105.77,106.93,103.18,"6,150,900"
17-Jan-24,106.92,108.54,106.58,107.57,103.8,"4,864,100"
16-Jan-24,111.5,111.74,108.34,108.64,104.83,"6,677,500"
12-Jan-24,113,113.37,111.05,111.7,107.78,"5,549,500"
11-Jan-24,111.61,112.24,110.94,111,107.11,"4,212,600"
10-Jan-24,112.73,112.73,110.83,111.18,107.28,"4,445,200"
9-Jan-24,114.5,114.5,112.25,112.76,108.81,"5,935,600"
8-Jan-24,114.96,115.05,112.48,114.5,110.48,"6,769,600"
5-Jan-24,117.5,117.77,116,116.53,112.44,"3,984,600"
4-Jan-24,120.61,121.24,116.27,116.48,112.39,"5,891,500"
3-Jan-24,117.95,120.18,117.41,119.93,115.72,"4,881,900"
2-Jan-24,117.17,118.8,116.85,117.59,113.47,"4,688,400"
29-Dec-23,117.21,117.55,115.81,116.07,112,"3,643,300"
28-Dec-23,117.66,118.2,116.44,116.5,112.41,"3,711,400"
27-Dec-23,118.51,119.64,118.08,118.49,114.33,"3,441,400"
26-Dec-23,118.7,119.43,118.38,119.02,114.85,"2,893,600"
22-Dec-23,118,118.63,117.29,117.66,113.53,"4,299,400"
21-Dec-23,116.5,116.88,115.28,116.83,112.73,"4,149,300"
20-Dec-23,116.87,118.94,116.38,116.69,112.6,"7,767,200"
19-Dec-23,114.95,116.64,114.25,116.49,112.4,"6,379,200"
18-Dec-23,115.83,117.27,114.65,114.9,110.87,"7,000,500"
15-Dec-23,114.35,115.74,113.62,114.54,110.52,"30,859,600"
14-Dec-23,112.95,116.35,112.75,114.95,110.92,"11,490,400"
13-Dec-23,111.5,112.26,110.87,111.85,107.93,"8,570,100"
12-Dec-23,110.77,111.48,109.7,111.06,107.16,"6,888,800"
11-Dec-23,112.12,112.63,111.54,112.16,108.23,"7,250,100"
8-Dec-23,111.74,112.19,111.06,112.07,108.14,"5,713,900"
7-Dec-23,111.32,111.91,110.65,110.85,106.96,"5,816,800"
6-Dec-23,112.33,112.33,109.74,110.52,106.64,"7,489,500"
5-Dec-23,114.73,114.9,113.04,113.14,109.17,"5,821,400"
4-Dec-23,114.08,115.92,113.88,114.53,110.51,"4,824,800"
1-Dec-23,115.03,117.04,114.85,115.23,111.19,"4,675,100"
30-Nov-23,115.17,116.7,113.64,115.57,111.52,"10,242,700"
29-Nov-23,115.36,115.56,113.32,113.97,109.97,"6,065,300"
28-Nov-23,115.26,115.98,114.48,114.98,110.95,"3,469,100"
27-Nov-23,114.98,115.13,113.36,114.8,110.77,"5,289,500"
24-Nov-23,114.89,116.57,114.86,115.49,111.44,"2,159,200"
22-Nov-23,112.02,115.13,111.16,114.85,110.82,"4,559,000"
21-Nov-23,115.18,115.63,114.56,115.17,111.13,"3,720,200"
20-Nov-23,114.99,116.58,114.59,115.39,111.34,"4,046,400"
17-Nov-23,112.8,115.53,112.23,114.59,110.57,"5,799,100"
16-Nov-23,113.51,113.76,109.98,111.99,108.06,"6,733,200"
15-Nov-23,115,116.67,114.88,115.03,111,"4,733,300"
14-Nov-23,116,116.81,115.34,115.54,111.49,"5,421,700"
13-Nov-23,114.99,115.91,114.99,115.36,111.31,"3,225,700"
10-Nov-23,115.24,116.21,114.6,115.61,111,"4,602,300"
9-Nov-23,115.65,116.07,114.05,114.15,109.59,"4,306,200"
8-Nov-23,115.2,115.62,113.97,114.45,109.88,"5,884,300"
7-Nov-23,116.42,116.5,114.33,115.25,110.65,"5,491,000"
6-Nov-23,120.24,120.56,118.19,118.47,113.74,"4,610,800"
3-Nov-23,121.5,121.89,119.35,119.75,114.97,"5,934,800"
2-Nov-23,117.87,123.25,117.37,122.02,117.15,"9,068,700"
1-Nov-23,119.48,119.77,116.49,116.67,112.01,"8,350,900"
31-Oct-23,117.9,118.99,116.49,118.8,114.06,"4,505,000"
30-Oct-23,117.78,118.5,116.51,118.14,113.42,"5,830,500"
27-Oct-23,117.7,118.34,116.44,117.8,113.1,"5,312,500"
26-Oct-23,118.73,119.16,117.25,118.31,113.59,"6,066,500"
25-Oct-23,119.53,120.93,118.77,120.41,115.6,"5,010,600"
24-Oct-23,121.57,121.99,119.9,119.95,115.16,"4,664,400"
23-Oct-23,123.06,123.16,120.64,121.34,116.5,"5,969,400"
20-Oct-23,126.19,126.67,123.86,124.06,119.11,"5,289,400"
19-Oct-23,125.69,127.35,124.87,126.38,121.34,"4,491,300"
18-Oct-23,126.21,127.24,125.45,126.59,121.54,"4,781,900"
17-Oct-23,125.2,126.43,124.94,125.46,120.45,"4,213,800"
16-Oct-23,125.58,126.12,124.18,125.31,120.31,"3,769,500"
13-Oct-23,124.06,125.97,123.43,124.86,119.88,"5,589,100"
12-Oct-23,121.08,121.73,120.46,121.11,116.28,"3,859,500"
11-Oct-23,119.5,120.19,118.03,120.04,115.25,"7,300,700"
10-Oct-23,121.25,122.24,120.19,120.39,115.58,"5,705,500"
9-Oct-23,118.96,121.87,118.75,121.82,116.96,"6,532,800"
6-Oct-23,114.38,116.59,113.16,115.33,110.73,"4,209,100"
5-Oct-23,112.51,114.58,112.19,113.42,108.89,"4,070,100"
4-Oct-23,115.32,115.63,111.67,113.33,108.81,"7,287,600"
3-Oct-23,116.76,117.67,116.07,117.6,112.91,"4,162,600"
2-Oct-23,120.24,120.31,115.96,117.1,112.43,"4,769,500"
29-Sep-23,122.48,122.61,119.64,119.8,115.02,"5,308,600"
28-Sep-23,122.86,124.31,122.18,122.72,117.82,"3,964,600"
27-Sep-23,121.72,123.92,120.8,123.09,118.18,"5,364,100"
26-Sep-23,119.8,121.44,119.34,120.14,114.77,"5,204,500"
25-Sep-23,119.29,121.27,118.89,121.07,115.66,"3,291,300"
22-Sep-23,119.92,121.18,119.04,119.16,113.83,"3,641,100"
21-Sep-23,122.03,122.16,118.75,119.07,113.75,"4,470,700"
20-Sep-23,122.63,123.81,121.06,121.17,115.75,"3,444,600"
19-Sep-23,125.84,126.03,122.18,123.16,117.65,"4,190,700"
18-Sep-23,125.18,125.73,124.07,124.48,118.91,"4,945,300"
15-Sep-23,124.05,125.99,123.19,123.57,118.05,"12,420,400"
14-Sep-23,123.5,124.89,123.44,124.5,118.93,"4,686,200"
13-Sep-23,123.48,123.7,121.47,122.31,116.84,"3,879,700"
12-Sep-23,121.25,123.44,121.2,123.08,117.58,"4,486,600"
11-Sep-23,123.44,123.9,119.82,120.44,115.06,"4,294,500"
8-Sep-23,122.76,124.01,122.45,122.72,117.23,"4,368,400"
7-Sep-23,122.99,123.68,121.61,121.71,116.27,"3,503,900"
6-Sep-23,122.47,123.44,121.92,123.07,117.57,"4,664,000"
5-Sep-23,122.77,124.99,122.56,122.83,117.34,"5,785,700"
1-Sep-23,120,122.5,119.97,122.14,116.68,"6,395,400"
31-Aug-23,119.17,119.56,118.1,119.03,113.71,"4,395,700"
30-Aug-23,118.27,118.94,118.01,118.7,113.39,"2,847,500"
29-Aug-23,117.86,118.1,116.58,117.66,112.4,"3,213,700"
28-Aug-23,116.48,118.4,116.42,117.52,112.27,"2,821,600"
25-Aug-23,115.69,117.13,114.76,116.52,111.31,"3,710,300"
24-Aug-23,115.19,116.38,114.74,114.8,109.67,"3,538,500"
23-Aug-23,115.01,116.34,113.86,115.81,110.63,"3,136,700"
22-Aug-23,117.59,117.74,116.08,116.15,110.96,"3,195,900"
21-Aug-23,118.14,119.11,116.54,117.21,111.97,"3,271,600"
18-Aug-23,115.84,118.03,115.65,117.29,112.05,"4,266,100"
17-Aug-23,116.5,117.88,116.22,116.73,111.51,"4,044,700"
16-Aug-23,115.75,116.91,114.56,114.64,109.51,"3,767,200"
15-Aug-23,116.5,116.85,114.97,115.51,110.35,"4,214,900"
14-Aug-23,117.17,117.78,116.3,117.69,111.94,"4,252,400"
11-Aug-23,115.98,118.05,115.47,117.81,112.06,"3,771,200"
10-Aug-23,116.29,117.59,115.16,115.83,110.17,"3,589,300"
9-Aug-23,116.73,118.84,116.3,116.44,110.75,"4,818,800"
8-Aug-23,112.65,115.79,111.3,115.59,109.94,"4,281,300"
7-Aug-23,114.49,114.6,113.25,114.48,108.89,"3,635,100"
4-Aug-23,115.87,116.69,113.58,113.71,108.16,"6,928,700"
3-Aug-23,114.91,117.29,113.01,114.99,109.37,"7,285,300"
2-Aug-23,116.69,117.54,114.91,115.59,109.94,"4,577,800"
1-Aug-23,117.26,117.83,116.19,117.38,111.65,"3,308,200"
31-Jul-23,117.22,118.25,116.76,117.72,111.97,"4,126,100"
28-Jul-23,115.74,116.3,114.67,115.93,110.27,"3,138,800"
27-Jul-23,117.34,117.89,115.33,115.78,110.12,"4,568,500"
26-Jul-23,115.32,117.14,115.16,116.83,111.12,"4,006,300"
25-Jul-23,114.37,116.52,113.9,116.18,110.5,"3,664,700"
24-Jul-23,113.4,115.7,113.4,114.72,109.12,"3,999,600"
21-Jul-23,112.17,113.2,111.85,112.89,107.38,"4,957,000"
20-Jul-23,110.5,111.78,110.2,111.69,106.23,"6,702,300"
19-Jul-23,108.77,110.69,108.77,109.48,104.13,"5,408,200"
18-Jul-23,106.45,109.5,106.4,108.75,103.44,"4,396,800"
17-Jul-23,106.69,107.66,106.14,106.44,101.24,"4,081,400"
14-Jul-23,110.07,110.23,106.45,107.09,101.86,"4,737,900"
13-Jul-23,109.89,111.76,109.58,110.55,105.15,"6,054,900"
12-Jul-23,108.64,109.57,108.45,109.31,103.97,"6,229,200"
11-Jul-23,105,107.61,104.85,107.44,102.19,"5,648,800"
10-Jul-23,102.85,104.46,102.75,104.35,99.25,"6,405,900"
7-Jul-23,100.55,104.61,100.12,103.23,98.19,"7,391,700"
6-Jul-23,102.8,103.63,99.35,100.34,95.44,"6,004,500"
5-Jul-23,105,105,103.14,104.02,98.94,"4,154,900"
3-Jul-23,103.95,104.99,103.63,104.23,99.14,"2,234,000"
30-Jun-23,103.75,104.4,102.54,103.61,98.55,"6,999,600"
29-Jun-23,102.51,103.31,101.81,103.06,98.03,"4,260,300"
28-Jun-23,100.82,102.72,99.96,102.51,97.5,"5,463,000"
27-Jun-23,101.01,101.62,100.33,100.79,95.87,"3,816,900"
26-Jun-23,100.16,101.87,100,101.31,96.36,"4,361,000"
23-Jun-23,100.03,100.92,99.63,100.46,94.98,"7,149,000"
22-Jun-23,102.64,102.88,101.1,101.43,95.9,"4,967,700"
21-Jun-23,101.8,104.43,101.8,103.7,98.05,"6,477,500"
20-Jun-23,104.13,104.75,101.02,102.03,96.47,"8,590,000"
16-Jun-23,104.86,105.48,104.22,104.92,99.2,"9,928,200"
15-Jun-23,102.89,105.31,102.83,104.15,98.47,"4,614,600"
14-Jun-23,104.43,104.95,102.04,102.67,97.07,"4,915,300"
13-Jun-23,103.85,105.47,103.22,103.41,97.77,"4,904,300"
12-Jun-23,102.21,104.15,101.43,102.82,97.21,"6,049,600"
9-Jun-23,104.84,105.45,103.63,103.89,98.22,"4,085,100"
8-Jun-23,104.85,105.57,102.59,104.54,98.84,"5,231,300"
7-Jun-23,102.32,105.48,102.32,104.81,99.09,"4,827,700"
6-Jun-23,101.05,102.74,100.35,101.94,96.38,"3,622,400"
5-Jun-23,104.25,104.25,100.97,102.07,96.5,"5,153,900"
2-Jun-23,101.36,102.93,100.48,102.35,96.77,"4,958,000"
1-Jun-23,99.57,100.98,98.38,99.53,94.1,"5,857,800"
31-May-23,99.43,100.99,99.23,99.3,93.89,"22,757,300"
30-May-23,100.7,101.59,100.03,101.2,95.68,"6,721,800"
26-May-23,102.67,102.85,100.88,101.85,96.3,"5,709,500"
25-May-23,101.94,102.4,100.5,101.69,96.14,"4,951,900"
24-May-23,105.49,105.68,103.47,103.98,98.31,"5,141,900"
23-May-23,104.46,105.57,103.99,104.39,98.7,"5,415,700"
22-May-23,102.73,104.92,102.42,103.73,98.07,"5,561,900"
19-May-23,102.33,103.59,101.83,102.6,97.01,"6,067,400"
18-May-23,100.2,100.85,99.25,100.74,95.25,"5,503,400"
17-May-23,99.54,101.46,98.56,100.71,95.22,"5,013,700"
16-May-23,99.87,100.56,97.42,98.07,92.72,"4,822,200"
15-May-23,99.33,100.45,98.46,100.29,94.82,"5,838,100"
12-May-23,100.64,100.95,98.71,99.43,93.53,"5,003,900"
11-May-23,98.88,100.12,98.55,99.89,93.96,"5,671,700"
10-May-23,101.99,102.26,99.55,100.47,94.5,"5,285,900"
9-May-23,100.01,102.62,99.95,101.53,95.5,"4,896,100"
8-May-23,102.09,102.75,100.6,100.9,94.91,"5,058,900"
5-May-23,101.12,101.6,98.94,100.37,94.41,"5,566,700"
4-May-23,96.2,98.52,95.81,97.36,91.58,"6,840,000"
3-May-23,96.83,97.58,95.7,96.09,90.38,"9,085,100"
2-May-23,100.88,101.39,97.48,98.64,92.78,"8,100,100"
1-May-23,101.58,103.01,101.13,102.53,96.44,"3,644,900"
28-Apr-23,100.57,103.73,100.32,102.89,96.78,"6,637,400"
27-Apr-23,100.45,101.93,99.81,101.23,95.22,"4,196,700"
26-Apr-23,101.33,102.13,99.65,100.47,94.5,"4,295,000"
25-Apr-23,101.6,102.41,100.48,102.09,96.03,"5,355,800"
24-Apr-23,101.95,103.95,101.77,103.65,97.5,"5,215,800"
21-Apr-23,104.1,104.2,101.63,102.26,96.19,"5,279,000"
20-Apr-23,103.45,103.9,102.12,103.78,97.62,"5,351,600"
19-Apr-23,103.85,105.81,103.5,105.26,99.01,"4,717,500"
18-Apr-23,104.99,105.7,104.1,104.95,98.72,"7,745,300"
17-Apr-23,106.8,107.69,105.52,105.61,99.34,"6,278,800"
14-Apr-23,109.48,110.02,108.12,108.5,102.06,"5,052,100"
13-Apr-23,107.94,109.9,107.12,109.04,102.57,"7,160,100"
12-Apr-23,108.48,109.09,107.41,107.53,101.14,"8,108,200"
11-Apr-23,106.1,107.2,105.49,106.75,100.41,"4,812,200"
10-Apr-23,107.04,108.01,105.61,105.95,99.66,"4,374,700"
6-Apr-23,106.9,107.74,105.89,106.26,99.95,"5,087,800"
5-Apr-23,106.91,107.88,105.92,107.75,101.35,"5,806,800"
4-Apr-23,108.33,108.77,105.11,106.3,99.99,"5,425,500"
3-Apr-23,105.13,109.14,105.01,108.42,101.98,"12,394,300"
31-Mar-23,99.81,99.9,98.94,99.21,93.32,"7,708,800"
30-Mar-23,100.61,100.86,98.87,99.25,93.36,"5,461,100"
29-Mar-23,99.64,100.3,98.67,99.75,93.83,"7,596,300"
28-Mar-23,96.61,98.69,96.43,97.93,92.11,"3,792,000"
27-Mar-23,96.31,98.5,95.6,97.48,91.13,"6,049,700"
24-Mar-23,94.56,95.9,93.26,95.43,89.21,"8,385,900"
23-Mar-23,98.51,99.76,95.5,96.42,90.14,"5,866,400"
22-Mar-23,100,101.09,98.29,98.37,91.96,"5,635,500"
21-Mar-23,98.09,100.09,98,99.71,93.21,"6,770,200"
20-Mar-23,94.84,96.89,94.71,96.16,89.89,"7,932,900"
17-Mar-23,96.35,96.95,93.5,94.39,88.24,"17,056,000"
16-Mar-23,92.01,96.5,91.53,96.4,90.12,"10,111,500"
15-Mar-23,97.42,98.71,93.59,95.24,89.03,"10,661,200"
14-Mar-23,101.05,104.42,99.62,101.36,94.75,"7,090,800"
13-Mar-23,102,103.58,99.57,100.68,94.12,"8,789,700"
10-Mar-23,105.73,107.33,103.6,104.22,97.43,"5,313,100"
9-Mar-23,107.92,109.25,105.36,105.81,98.91,"5,191,600"
8-Mar-23,107,108.53,105.76,107.23,100.24,"4,576,800"
7-Mar-23,108.59,108.92,106.67,107.65,100.63,"4,973,200"
6-Mar-23,107.58,109.6,107.1,109.56,102.42,"6,200,900"
3-Mar-23,106.27,109.08,105.82,108.64,101.56,"7,075,100"
2-Mar-23,106.07,108.96,105.78,108.33,101.27,"5,458,600"
1-Mar-23,103.73,107.68,103.23,106.25,99.33,"6,064,700"
28-Feb-23,106.66,107.31,103.31,103.35,96.61,"8,771,800"
27-Feb-23,105.17,106.18,103.44,105.86,98.96,"7,429,300"
24-Feb-23,104.17,105.55,103.36,105.25,98.39,"5,617,900"
23-Feb-23,106,106.4,104.07,105.43,98.56,"6,095,800"
22-Feb-23,105.48,105.48,102.96,104.08,97.3,"7,929,500"
21-Feb-23,104.01,106.12,103.51,105.31,98.45,"7,200,600"
17-Feb-23,106.14,106.67,103.17,104.12,97.33,"11,294,500"
16-Feb-23,110.88,111.71,108.09,108.36,101.3,"6,531,900"
15-Feb-23,111.82,112.17,109.98,111.65,104.37,"7,203,700"
14-Feb-23,111,114.45,110.55,113.55,106.15,"7,308,100"
13-Feb-23,113.95,114.1,112.12,112.31,104.99,"6,018,200"
10-Feb-23,111.98,115.37,111.83,115.06,107.08,"10,779,200"
9-Feb-23,110.61,111.74,109.85,109.93,102.31,"5,768,300"
8-Feb-23,112.23,113,109.84,110.79,103.11,"6,713,200"
7-Feb-23,108.41,112.15,107.41,112.02,104.26,"7,370,600"
6-Feb-23,108.57,109.95,106.73,107.49,100.04,"11,516,300"
3-Feb-23,111.31,112.39,107.76,108.11,100.62,"13,504,200"
2-Feb-23,113.49,115.39,109.76,111.3,103.59,"11,531,300"
1-Feb-23,120.71,120.97,115.2,117.7,109.54,"7,282,300"
31-Jan-23,120.22,122.09,119.1,121.87,113.42,"5,200,100"
30-Jan-23,122.09,122.6,120.33,120.53,112.18,"5,246,300"
27-Jan-23,124.69,126.39,123.52,123.61,115.04,"4,857,500"
26-Jan-23,122.29,124.73,120.8,124.65,116.01,"5,807,400"
25-Jan-23,118.2,120.38,116.64,120.37,112.03,"3,984,700"
24-Jan-23,121,121,117.64,118.81,110.57,"4,216,900"
23-Jan-23,122.46,123.17,119.97,120.13,111.8,"3,963,200"
20-Jan-23,120.16,121.91,119.25,121.8,113.36,"5,101,400"
19-Jan-23,117.55,120.26,116.26,119.64,111.35,"5,049,100"
18-Jan-23,121.2,123.71,118.36,118.55,110.33,"5,138,700"
17-Jan-23,121.06,122.54,119.56,120.24,111.91,"5,228,500"
13-Jan-23,120.58,121.85,118.51,121.47,113.05,"4,360,200"
12-Jan-23,118.39,121.1,117.85,120.16,111.83,"5,072,500"
11-Jan-23,119.19,119.55,116.91,118.24,110.04,"4,569,900"
10-Jan-23,118.23,118.62,116.68,118.08,109.9,"4,042,700"
9-Jan-23,120.32,120.66,116.86,117.36,109.23,"5,403,200"
6-Jan-23,118.5,120.19,117.54,118.23,110.04,"4,442,300"
5-Jan-23,113.53,117.8,113.53,116.77,108.68,"5,177,700"
4-Jan-23,111.22,114.31,110.46,113.34,105.48,"4,837,600"
3-Jan-23,116.56,117.98,111.92,113.12,105.28,"5,424,400"
30-Dec-22,116.07,118.21,116.01,118,109.82,"4,220,500"
29-Dec-22,114.73,117,114.62,116.39,108.32,"2,921,600"
28-Dec-22,118.21,118.27,114.74,115.31,107.32,"3,856,400"
27-Dec-22,117.92,119.06,117.06,118.47,110.26,"3,849,400"
23-Dec-22,113.65,117.1,113.65,117.05,108.94,"5,001,500"
22-Dec-22,116.05,116.78,109.84,112.9,104.42,"5,295,400"
21-Dec-22,114.94,116.67,113.55,116.28,107.55,"5,433,000"
20-Dec-22,110.45,113.81,110,112.65,104.19,"5,538,700"
19-Dec-22,112.16,112.76,109.64,110.44,102.15,"4,991,400"
16-Dec-22,110.45,111.22,109.01,110.44,102.15,"17,422,600"
15-Dec-22,111.64,112.92,110.47,112.55,104.1,"6,400,900"
14-Dec-22,114.75,115.65,112.04,112.87,104.4,"5,927,000"
13-Dec-22,114.45,115.59,113.37,113.41,104.89,"6,285,200"
12-Dec-22,110.9,112.3,110.07,111.78,103.39,"5,636,500"
9-Dec-22,112.41,113.95,109.73,110.02,101.76,"6,385,700"
8-Dec-22,117.79,117.89,111.88,112.6,104.15,"7,720,400"
7-Dec-22,116.29,117.6,114.09,114.88,106.25,"6,099,100"
6-Dec-22,118.44,119.74,114.54,115.61,106.93,"6,498,400"
5-Dec-22,124.26,124.69,118.71,119.37,110.41,"5,478,700"
2-Dec-22,122.12,123.87,121.34,122.18,113.01,"4,879,700"
1-Dec-22,124.67,125.37,122.89,123.06,113.82,"5,285,100"
30-Nov-22,126.65,126.68,122.44,123.51,114.24,"8,484,500"
29-Nov-22,125.82,126.83,123.92,124.25,114.92,"4,909,700"
28-Nov-22,122.7,125.06,121.24,123.84,114.54,"5,648,600"
25-Nov-22,126.89,127.77,126.5,126.81,117.29,"2,547,800"
23-Nov-22,127.59,129.22,125.8,126.74,117.22,"7,482,600"
22-Nov-22,128,130.55,126.46,129.98,120.22,"5,604,200"
21-Nov-22,125.04,127.11,121.81,125.49,116.07,"6,573,200"
18-Nov-22,128.41,129.2,126.5,128.59,118.94,"5,727,200"
17-Nov-22,127.59,131.37,127.03,131.19,121.34,"5,735,800"
16-Nov-22,132.58,133.5,129.09,129.24,119.54,"7,365,600"
15-Nov-22,133.59,134.84,131.91,134.09,124.02,"8,300,600"
14-Nov-22,132.38,135.68,132.28,133.03,123.04,"6,163,400"
11-Nov-22,131.2,134.85,130.56,133.96,123.43,"8,662,000"
10-Nov-22,128.1,129.77,125.57,129.46,119.28,"7,543,900"
9-Nov-22,132.46,132.57,124.89,125.26,115.41,"7,069,500"
8-Nov-22,134.3,135.28,132.23,134.44,123.87,"5,039,800"
7-Nov-22,132.75,136.42,132.61,134.94,124.33,"6,882,400"
4-Nov-22,137,138.49,129.65,132.32,121.92,"10,663,700"
3-Nov-22,129.62,136.12,128.29,133.82,123.3,"13,209,100"
2-Nov-22,127.08,129.8,125.79,126.51,116.57,"7,680,400"
1-Nov-22,128.74,129.32,126.89,127.78,117.74,"5,875,600"
31-Oct-22,125.58,129.99,125.57,126.09,116.18,"7,121,000"
28-Oct-22,128.5,128.99,124.01,127.17,117.17,"7,293,200"
27-Oct-22,127.7,129.45,126.24,126.64,116.69,"8,948,500"
26-Oct-22,124.72,128.18,124.58,126.57,116.62,"8,139,100"
25-Oct-22,124.33,125.49,122.88,123.94,114.2,"7,000,800"
24-Oct-22,124.53,126.4,124.2,125.14,115.3,"5,734,900"
21-Oct-22,122.67,124.76,121.57,124.49,114.7,"5,886,200"
20-Oct-22,122.5,124.91,121.78,121.81,112.24,"6,456,100"
19-Oct-22,118.42,121.6,118.09,121.11,111.59,"5,500,400"
18-Oct-22,119.58,120.04,115.7,117.89,108.62,"6,826,200"
17-Oct-22,119.78,121.44,118.02,118.36,109.06,"6,667,000"
14-Oct-22,121.09,122.98,117.04,117.96,108.69,"7,646,000"
13-Oct-22,114.5,123.41,114.43,122.74,113.09,"7,999,100"
12-Oct-22,114.76,117.34,113.99,116.3,107.16,"6,221,600"
11-Oct-22,114.11,118.11,113.21,115.58,106.49,"7,602,400"
10-Oct-22,118.61,120.44,115.45,116.8,107.62,"5,883,200"
7-Oct-22,118.14,121.36,117.32,118.51,109.19,"9,373,500"
6-Oct-22,114.79,118.36,114.68,117.65,108.4,"6,388,900"
5-Oct-22,116.25,117.26,113.76,115.93,106.82,"10,073,000"
4-Oct-22,112.47,115.85,111.72,115.62,106.53,"7,582,900"
3-Oct-22,106.93,110.84,106.53,109.97,101.33,"7,701,900"
30-Sep-22,102.43,103.93,101,102.34,94.3,"7,172,000"
29-Sep-22,101.59,104.09,99.89,103.66,95.51,"5,929,800"
28-Sep-22,98.83,103.44,98.46,103,94.9,"9,207,500"
27-Sep-22,101.37,102.58,98.52,98.76,89.71,"8,779,000"
26-Sep-22,100.09,102.72,99.12,99.2,90.11,"8,719,000"
23-Sep-22,105.09,105.27,99.6,100.59,91.37,"10,157,300"
22-Sep-22,113.2,113.85,109.93,110.06,99.97,"4,971,600"
21-Sep-22,114.17,114.89,111.06,111.09,100.91,"5,818,000"
20-Sep-22,112.55,112.84,110.55,112.07,101.8,"5,655,400"
19-Sep-22,109.8,113.48,109.44,112.87,102.52,"6,600,600"
16-Sep-22,115.57,115.64,111.2,113.13,102.76,"14,608,000"
15-Sep-22,115.14,117.22,114.63,115.56,104.97,"9,997,500"
14-Sep-22,113.69,118.39,113.46,117.71,106.92,"9,457,900"
13-Sep-22,112.9,114.39,111.82,112.33,102.03,"6,977,400"
12-Sep-22,112.95,115.41,112.82,114.39,103.9,"6,208,600"
9-Sep-22,110.05,112.42,109.87,111.97,101.71,"6,085,000"
8-Sep-22,107.34,109.19,106.6,108.32,98.39,"7,147,200"
7-Sep-22,105.82,107.51,104.76,106.76,96.97,"6,890,900"
6-Sep-22,111,111.68,108.08,108.63,98.67,"7,270,900"
2-Sep-22,109.64,112,109,110.26,100.15,"6,096,400"
1-Sep-22,107.78,108.94,105.75,107.53,97.67,"6,717,300"
31-Aug-22,107.85,111.86,107.05,109.45,99.42,"6,775,700"
30-Aug-22,111.17,111.51,108.9,110.5,100.37,"7,746,900"
29-Aug-22,112.09,115.47,111.89,113.42,103.02,"6,479,700"
26-Aug-22,112.62,114.25,111.49,112.12,101.84,"6,508,800"
25-Aug-22,111.45,112.14,110.65,112.08,101.81,"5,241,000"
24-Aug-22,108.11,110.76,107.84,110.52,100.39,"6,286,100"
23-Aug-22,107.23,110.68,106.74,108.45,98.51,"8,253,000"
22-Aug-22,103.67,105.7,102.54,105.24,95.59,"6,701,700"
19-Aug-22,104.59,105.69,103.53,105.14,95.5,"7,067,100"
18-Aug-22,102.65,105.11,102.22,104.88,95.27,"5,966,500"
17-Aug-22,100.1,102.69,99.77,101.36,92.07,"5,346,500"
16-Aug-22,101.21,102.05,98.93,100.1,90.92,"6,924,400"
15-Aug-22,98.39,101.46,97.55,100.77,91.53,"6,585,900"
12-Aug-22,99.75,102.96,99.35,102.75,92.91,"6,683,800"
11-Aug-22,98.12,101.32,97.52,100.36,90.75,"6,481,600"
10-Aug-22,95.39,96.31,93.16,95.98,86.79,"5,625,500"
9-Aug-22,95.3,97.28,94.86,95.51,86.37,"7,477,700"
8-Aug-22,93.02,94.69,92.85,93.63,84.67,"4,788,100"
5-Aug-22,88.22,93.42,88,92.85,83.96,"5,848,000"
4-Aug-22,92.74,93,89.28,89.88,81.28,"7,810,500"
3-Aug-22,95.35,95.68,90.43,91.32,82.58,"6,783,300"
2-Aug-22,95.1,95.85,93.93,94.71,85.64,"4,653,000"
1-Aug-22,95.31,96.06,93.68,95.1,86,"5,598,900"
29-Jul-22,96.18,97.92,95.4,97.43,88.1,"7,394,800"
28-Jul-22,94.22,95.26,92.6,94.06,85.06,"4,656,100"
27-Jul-22,92.04,93.66,91.29,93.27,84.34,"6,237,800"
26-Jul-22,93.44,94.18,89.97,91.09,82.37,"7,127,000"
25-Jul-22,89.46,92.14,87.79,92.05,83.24,"5,815,100"
22-Jul-22,89.21,90.19,87.54,88.13,79.69,"6,243,500"
21-Jul-22,87.35,89.06,86.87,88.93,80.42,"8,016,700"
20-Jul-22,87.75,91.22,87.22,90.71,82.03,"7,720,500"
19-Jul-22,85.41,88.71,84.88,88.48,80.01,"6,674,800"
18-Jul-22,84.74,86.39,84.65,85.07,76.93,"7,057,600"
15-Jul-22,83.87,83.94,81.82,82.89,74.95,"5,899,000"
14-Jul-22,79.83,81.77,78.3,81.61,73.8,"8,890,200"
13-Jul-22,82.36,85.19,82.36,83.11,75.15,"5,535,300"
12-Jul-22,82.56,84.04,81.61,83.45,75.46,"5,573,100"
11-Jul-22,85.59,86.6,84.19,85.55,77.36,"4,685,700"
8-Jul-22,87.53,87.86,84.67,86.46,78.18,"5,615,500"
7-Jul-22,86.19,87.21,85.68,86.35,78.08,"8,072,400"
6-Jul-22,83.71,85.69,80.44,83.34,75.36,"12,130,900"
5-Jul-22,89.35,89.35,83.06,84.64,76.54,"13,483,600"
1-Jul-22,91.93,92.31,88.31,90.98,82.27,"6,005,000"
30-Jun-22,88.56,91.71,87.83,89.81,81.21,"12,748,900"
29-Jun-22,96.89,97.45,91.28,91.46,82.7,"7,990,100"
28-Jun-22,94.98,97.07,93.55,95.22,86.1,"8,903,000"
27-Jun-22,91.58,93.79,90.95,92.23,83.4,"8,986,100"
24-Jun-22,90,92.05,88.36,90.91,81.57,"12,282,400"
23-Jun-22,93.75,94.2,87.26,87.89,78.86,"13,554,900"
22-Jun-22,92.85,95.05,91.46,93.06,83.5,"11,284,200"
21-Jun-22,96.02,100.1,95.98,99.28,89.08,"10,454,900"
17-Jun-22,101.49,102.34,92.81,93.74,84.11,"24,455,100"
16-Jun-22,105.01,106.21,101.13,102.42,91.9,"11,848,400"
15-Jun-22,111.49,112.06,107.59,109.33,98.1,"7,681,400"
14-Jun-22,114.02,116.16,110.04,111.49,100.04,"7,737,700"
13-Jun-22,112.45,114.02,108.37,111.76,100.28,"9,516,900"
10-Jun-22,117,119.64,115.3,116.83,104.83,"7,298,800"
9-Jun-22,120.62,121.78,118.43,118.56,106.38,"6,643,000"
8-Jun-22,122.72,124.08,121.5,121.86,109.35,"7,010,900"
7-Jun-22,117.18,122.71,117.13,122.71,110.11,"8,559,000"
6-Jun-22,118.19,118.81,116.62,117.38,105.33,"5,608,400"
3-Jun-22,115.45,118.42,115.12,118.12,105.99,"5,387,100"
2-Jun-22,114.26,115.95,113.11,114.96,103.15,"5,042,700"
1-Jun-22,114.36,117.3,114.18,115.75,103.86,"7,246,600"
31-May-22,116.23,117.99,111.32,112.36,100.82,"17,278,500"
27-May-22,112.15,114.6,111.87,114.6,102.83,"6,788,700"
26-May-22,112.63,114.6,112.18,113.15,101.53,"6,159,000"
25-May-22,109.95,111.53,109.55,111.2,99.78,"6,707,000"
24-May-22,107.95,109.98,106.3,109.48,98.24,"6,859,100"
23-May-22,106.04,109.43,105.77,109.02,97.82,"8,646,900"
20-May-22,105.13,107.55,102.19,105.02,94.23,"6,717,700"
19-May-22,101.83,106.71,101.83,104.61,93.87,"6,784,100"
18-May-22,107.72,108.1,102.76,104.48,93.75,"8,957,000"
17-May-22,107.08,108.3,105.71,107.02,96.03,"6,577,500"
16-May-22,103.08,107.09,102.64,105.5,94.67,"7,990,600"
13-May-22,100.83,103.81,100.7,102.91,91.93,"6,549,900"
12-May-22,98.45,99.66,95.47,99.6,88.97,"7,244,400"
11-May-22,99.71,102.89,98.8,99.04,88.47,"6,651,600"
10-May-22,98.88,101.52,95.97,98,87.54,"7,845,900"
9-May-22,105.17,105.5,96.48,97.2,86.83,"9,750,900"
6-May-22,104.17,107.71,102.8,107.69,96.2,"9,213,100"
5-May-22,104.59,106.59,100.53,102.86,91.88,"10,593,000"
4-May-22,101,104.19,99.11,103.86,92.78,"7,989,800"
3-May-22,96.68,99.53,96.14,98.93,88.37,"5,748,000"
2-May-22,94.27,96.05,92.58,95.92,85.68,"6,980,500"
29-Apr-22,97.75,98.81,94.92,95.52,85.33,"8,777,700"
28-Apr-22,93.04,98.46,91.2,97.55,87.14,"9,520,600"
27-Apr-22,91.72,93.93,88.77,93.06,83.13,"6,765,800"
26-Apr-22,92.51,94.29,91.3,91.32,81.58,"5,970,100"
25-Apr-22,93,93.42,88.8,91.66,81.88,"11,913,400"
22-Apr-22,97.87,99.45,95.77,96.01,85.77,"6,483,900"
21-Apr-22,103.12,103.76,98.31,98.67,88.14,"6,290,600"
20-Apr-22,102.1,103.47,101.38,102.67,91.71,"6,059,200"
19-Apr-22,102.83,103.58,101.02,101.56,90.72,"5,331,700"
18-Apr-22,102.71,104.11,101.7,103.47,92.43,"4,867,000"
14-Apr-22,100.19,102.38,99.84,101.37,90.55,"6,337,800"
13-Apr-22,101.08,101.73,98.92,100.23,89.53,"7,365,100"
12-Apr-22,100.05,101.88,99.41,100,89.33,"7,412,100"
11-Apr-22,101.9,102,97.79,97.98,87.52,"7,002,200"
8-Apr-22,100.69,103.31,100.53,103.05,92.05,"6,175,200"
7-Apr-22,98.73,100.2,96.91,99.96,89.29,"6,285,300"
6-Apr-22,99.75,100.17,96.82,97.54,87.13,"5,680,000"
5-Apr-22,100.85,101.66,97.9,98.05,87.59,"5,708,100"
4-Apr-22,101.41,101.91,99.62,100.55,89.82,"4,946,500"
1-Apr-22,100.15,101.66,99.28,100.58,89.85,"6,934,100"
31-Mar-22,100,102.45,99.4,100,89.33,"9,777,900"
30-Mar-22,101.34,102.76,100.6,101.1,90.31,"6,069,200"
29-Mar-22,99.99,100.94,97.84,100.69,89.68,"10,977,600"
28-Mar-22,105.06,105.14,103.01,103.5,92.18,"6,091,100"
25-Mar-22,104.17,107.52,103.82,107.5,95.74,"7,833,800"
24-Mar-22,104.97,105.85,103.75,104.54,93.11,"6,192,500"
23-Mar-22,103.22,105.02,103.19,104.37,92.96,"7,681,500"
22-Mar-22,102.67,102.87,100.32,101.77,90.64,"6,377,500"
21-Mar-22,101.17,103.97,100.87,102.76,91.52,"8,107,400"
18-Mar-22,99.11,100.15,98.47,99.6,88.71,"16,146,900"
17-Mar-22,96.65,99.07,96.51,98.83,88.02,"8,868,300"
16-Mar-22,95.2,95.76,94.1,94.82,84.45,"9,314,200"
15-Mar-22,92.86,95.82,92.32,95.05,84.65,"8,863,600"
14-Mar-22,97.38,97.55,94.21,96.55,85.99,"10,532,200"
11-Mar-22,98.83,101.06,98.16,98.41,87.65,"7,666,500"
10-Mar-22,97.28,99.83,96.44,99.72,88.81,"9,481,000"
9-Mar-22,95.36,98.72,92.76,96.21,85.69,"12,656,200"
8-Mar-22,101.51,104.44,95.86,98.8,87.99,"17,231,400"
7-Mar-22,101.49,103.77,99.12,101.27,90.19,"13,788,800"
4-Mar-22,97.61,100.34,97.44,100.27,89.3,"10,977,300"
3-Mar-22,97.2,98.19,95.63,97.41,86.76,"8,704,900"
2-Mar-22,98.37,99.97,97.19,98.04,87.32,"16,168,000"
1-Mar-22,95.85,98.46,94.8,96.96,86.36,"14,453,500"
28-Feb-22,90.67,95.07,89.85,94.86,84.49,"15,096,000"
25-Feb-22,88.38,91.52,87.82,91.27,81.29,"10,563,000"
24-Feb-22,90,90.25,85.29,87.73,78.14,"11,509,300"
23-Feb-22,88,89.48,87.35,88.23,78.58,"7,355,000"
22-Feb-22,92.73,92.85,86.42,87.83,78.22,"9,267,500"
18-Feb-22,89.61,90.64,88.7,89.63,79.83,"6,574,800"
17-Feb-22,90.16,91.85,90.16,91.16,81.19,"6,842,800"
16-Feb-22,89.77,91.9,89.64,90.21,80.34,"6,854,400"
15-Feb-22,88.68,89.92,87.73,89.68,79.87,"8,379,300"
14-Feb-22,92.5,92.72,90.21,91.55,81.54,"7,274,400"
11-Feb-22,91.84,93.69,91.35,93.52,83.29,"9,580,800"
10-Feb-22,92.24,94.33,91.29,91.91,81.45,"7,149,900"
9-Feb-22,91.53,94.04,91.25,92.95,82.37,"6,973,200"
8-Feb-22,91.95,93.15,90,91.33,80.93,"7,481,500"
7-Feb-22,90.42,94.23,89.68,92.94,82.36,"8,420,600"
4-Feb-22,92,94.93,91.75,91.87,81.41,"12,035,300"
3-Feb-22,92.78,92.95,89.47,90.87,80.53,"13,258,500"
2-Feb-22,90.45,92.61,88.98,92.21,81.71,"8,803,400"
1-Feb-22,87.4,91.89,87.22,91.54,81.12,"9,424,900"
31-Jan-22,88.78,89.43,86.92,88.62,78.53,"7,539,800"
28-Jan-22,87.98,89.72,87.7,89.22,79.06,"11,561,400"
27-Jan-22,88.95,89.74,87.81,89.66,79.45,"9,624,600"
26-Jan-22,88.72,89.19,86.36,87.06,77.15,"9,416,400"
25-Jan-22,83.12,87.26,81.32,87.11,77.19,"8,514,800"
24-Jan-22,80.7,83.45,78.78,83.02,73.57,"9,505,400"
21-Jan-22,84.91,85.11,82.15,82.72,73.3,"10,625,600"
20-Jan-22,86.05,88.47,85.4,85.63,75.88,"7,707,700"
19-Jan-22,87.89,88.44,85.72,87.28,77.35,"7,370,100"
18-Jan-22,88,89.11,85.82,87.51,77.55,"10,782,900"
14-Jan-22,84.22,86.87,83.87,86.74,76.87,"7,946,600"
13-Jan-22,83.94,84.86,83.19,83.62,74.1,"6,814,000"
12-Jan-22,84,84.54,83.1,84.4,74.79,"7,740,100"
11-Jan-22,81.61,83.77,80.63,83.59,74.08,"8,510,600"
10-Jan-22,80.65,81.16,79.21,81.03,71.81,"9,125,400"
7-Jan-22,78.87,80.93,78.38,80.64,71.46,"10,838,800"
6-Jan-22,77.82,78.79,76.9,78.49,69.56,"8,679,000"
5-Jan-22,77.98,78.27,75.52,75.65,67.04,"9,034,500"
4-Jan-22,74.56,77.38,74.28,76.97,68.21,"9,189,300"
3-Jan-22,72.03,73.96,72.02,73.77,65.37,"5,769,900"
31-Dec-21,71.81,72.67,71.68,72.18,63.96,"3,453,900"
30-Dec-21,73.08,73.7,72.2,72.28,63.88,"3,340,200"
29-Dec-21,73.26,73.78,72.44,72.92,64.44,"3,947,300"
28-Dec-21,73.41,73.92,72.89,73.12,64.62,"3,383,700"
27-Dec-21,71.19,73.25,70.46,73.21,64.7,"3,967,800"
23-Dec-21,71.29,72.14,71.04,71.19,62.91,"3,902,700"
22-Dec-21,70.5,71.62,69.86,71.08,62.82,"3,775,100"
21-Dec-21,69.43,70.84,69.3,70.68,62.46,"6,324,800"
20-Dec-21,67.05,68.64,66.06,68.6,60.62,"11,485,000"
17-Dec-21,70.9,71.1,68.5,68.61,60.63,"22,913,100"
16-Dec-21,71.73,73.06,71.32,71.7,63.36,"7,068,200"
15-Dec-21,70.61,71.22,68.67,70.71,62.49,"6,805,600"
14-Dec-21,70.56,71.74,70.03,70.68,62.46,"6,669,300"
13-Dec-21,72.87,73.13,70.52,71.02,62.76,"5,719,100"
10-Dec-21,73.39,73.65,71.59,73.49,64.94,"6,065,000"
9-Dec-21,73.96,73.96,72.46,72.55,64.11,"6,511,600"
8-Dec-21,74.62,75.37,73.59,74.11,65.49,"6,313,200"
7-Dec-21,74.16,75.96,74.1,74.57,65.9,"8,136,600"
6-Dec-21,72.5,73.51,71.63,72.81,64.34,"6,200,100"
3-Dec-21,72.17,72.94,70.18,71.11,62.84,"6,995,700"
2-Dec-21,69.19,71.65,68.24,71.26,62.97,"8,410,900"
1-Dec-21,72.01,72.18,69.15,69.2,61.15,"10,070,500"
30-Nov-21,70.69,72.24,70.01,70.13,61.98,"15,723,700"
29-Nov-21,73.48,74.7,71.95,72.15,63.76,"9,191,600"
26-Nov-21,70.53,71.62,69.34,71.48,63.17,"10,258,700"
24-Nov-21,73.23,75.49,73.2,74.83,66.13,"7,215,800"
23-Nov-21,72.91,74.72,72.84,73.78,65.2,"9,107,200"
22-Nov-21,69.64,72.83,69.61,71.89,63.53,"7,445,600"
19-Nov-21,70.92,71.3,69.41,69.61,61.52,"8,817,100"
18-Nov-21,72.12,73.21,71.61,72.72,64.26,"6,548,800"
17-Nov-21,72.12,73.93,71.73,71.97,63.6,"7,628,600"
16-Nov-21,73,73.81,72.57,72.64,64.19,"7,451,100"
15-Nov-21,72.23,73.39,71.74,72.72,64.26,"6,181,400"
12-Nov-21,71.59,72.54,71.5,72.36,63.95,"5,329,600"
11-Nov-21,73.3,73.66,71.99,72.14,63.75,"7,784,500"
10-Nov-21,74.5,74.97,72.93,73,64.51,"7,484,700"
9-Nov-21,75.81,75.99,74.72,75.75,66.94,"6,049,800"
8-Nov-21,75.67,77.15,75.46,75.93,67.1,"6,957,700"
5-Nov-21,74.56,75.81,73.92,75.45,66.68,"6,987,600"
4-Nov-21,74,74.78,72.87,73.31,64.79,"8,573,500"
3-Nov-21,72.65,73.69,72.25,72.74,64.28,"9,311,800"
2-Nov-21,74.54,75.25,72.81,73.03,64.54,"10,891,900"
1-Nov-21,74.95,75.41,74.42,74.59,65.92,"11,944,600"
29-Oct-21,74.43,75.3,73.97,74.49,65.83,"8,079,300"
28-Oct-21,74.37,75.34,74.12,75.15,66.41,"5,195,900"
27-Oct-21,75.56,76.66,74.25,74.43,65.78,"9,025,600"
26-Oct-21,76.69,77.63,76.47,77.03,67.67,"5,898,200"
25-Oct-21,76.56,77.98,76.2,76.52,67.22,"7,471,200"
22-Oct-21,75.12,76.08,74.99,75.72,66.52,"7,170,200"
21-Oct-21,75.65,75.65,74.11,74.59,65.52,"5,836,300"
20-Oct-21,74.72,76.1,74.54,76.02,66.78,"5,506,000"
19-Oct-21,74.84,75.85,74.38,75.32,66.16,"6,589,400"
18-Oct-21,74.77,75.75,74.13,74.5,65.44,"9,917,700"
15-Oct-21,74.63,74.93,74.13,74.14,65.13,"6,945,100"
14-Oct-21,74.29,74.61,72.84,73.85,64.87,"8,152,600"
13-Oct-21,72.45,73.76,71.46,73.23,64.33,"8,517,500"
12-Oct-21,74.14,74.61,73.02,73.41,64.49,"7,635,600"
11-Oct-21,75.13,75.52,73.75,73.97,64.98,"9,585,200"
8-Oct-21,72.19,75.1,72.19,74.92,65.81,"12,310,500"
7-Oct-21,72.01,72.13,70.61,71.51,62.82,"11,521,300"
6-Oct-21,70.4,72.11,69.79,71.81,63.08,"10,613,500"
5-Oct-21,72.1,72.86,70.71,71.73,63.01,"11,270,100"
4-Oct-21,70.85,72.61,70.63,71.49,62.8,"12,423,500"
1-Oct-21,68.38,70.33,68.31,70.1,61.58,"13,482,300"
30-Sep-21,68.22,68.89,67.72,67.77,59.53,"15,845,900"
29-Sep-21,67.63,68.48,66.61,68.04,59.77,"10,563,700"
28-Sep-21,67.55,68.64,67.17,67.8,59.56,"14,995,200"
27-Sep-21,66.7,66.95,65.8,66.71,58.6,"13,508,700"
24-Sep-21,63.79,65.69,63.54,65.02,57.12,"11,128,300"
23-Sep-21,62.25,64.12,62.25,63.71,55.97,"11,886,800"
22-Sep-21,60.21,62.89,60.21,62.26,54.69,"15,753,000"
21-Sep-21,58.47,59.83,57.72,59.33,52.12,"13,923,100"
20-Sep-21,57.49,58.01,56.3,57.07,50.13,"10,001,800"
17-Sep-21,59.07,59.91,58.78,58.92,51.76,"13,741,300"
16-Sep-21,59.28,59.66,58.76,59.23,52.03,"8,773,100"
15-Sep-21,58.09,59.46,58.06,59.32,52.11,"10,766,000"
14-Sep-21,58.22,58.29,56.61,56.94,50.02,"7,880,700"
13-Sep-21,56.57,58.08,56.57,57.59,50.59,"8,456,500"
10-Sep-21,56.61,56.74,55.46,55.73,48.96,"5,055,200"
9-Sep-21,55.15,56.54,54.83,55.58,48.82,"6,285,800"
8-Sep-21,56.32,56.61,55.19,55.28,48.56,"5,228,900"
7-Sep-21,55.89,56.48,55.32,55.98,49.18,"6,632,600"
3-Sep-21,56.34,56.95,55.94,56.24,49.4,"7,954,200"
2-Sep-21,55.26,56.98,55.21,56.6,49.72,"6,696,600"
1-Sep-21,55.56,55.92,54.42,54.65,48.01,"9,319,800"
31-Aug-21,55.75,56.33,55.3,55.53,48.78,"10,500,500"
30-Aug-21,56.98,57.14,56.18,56.2,49.37,"4,838,600"
27-Aug-21,55.79,57.12,55.52,56.74,49.84,"6,549,100"
26-Aug-21,55.75,56.09,54.96,55.13,48.43,"5,209,000"
25-Aug-21,55.45,56.39,55.05,56.02,49.21,"6,125,200"
24-Aug-21,55.18,55.69,54.64,55.41,48.67,"6,245,500"
23-Aug-21,54.15,55.13,54.02,54.79,48.13,"8,022,200"
20-Aug-21,51.87,52.99,51.59,52.77,46.36,"7,068,200"
19-Aug-21,52.67,52.98,51.41,52.44,46.07,"11,306,400"
18-Aug-21,54.38,55.06,53.46,53.53,47.02,"6,647,700"
17-Aug-21,54.41,55.44,54.25,54.52,47.89,"6,497,900"
16-Aug-21,55.22,55.58,54.6,54.81,48.15,"7,464,600"
13-Aug-21,56.95,57.23,55.85,55.97,49.17,"7,399,800"
12-Aug-21,57.14,57.58,56.53,57.04,50.11,"4,729,200"
11-Aug-21,56.38,57.36,55.95,57.19,50.24,"6,071,800"
10-Aug-21,55.85,56.78,55.76,56.48,49.61,"6,781,800"
9-Aug-21,55.67,56.17,55.23,55.45,48.71,"5,410,600"
6-Aug-21,56.59,57.17,56.1,56.5,49.63,"5,038,900"
5-Aug-21,55.46,56.62,55.05,55.95,49.15,"6,573,100"
4-Aug-21,55.33,56.5,54.91,54.93,48.25,"7,629,600"
3-Aug-21,55.09,56.77,54.51,56.64,49.76,"9,888,200"
2-Aug-21,56.53,57.76,55.33,55.38,48.65,"8,469,500"
30-Jul-21,56.76,56.9,55.72,56.06,49.25,"8,660,100"
29-Jul-21,57.42,57.84,56.86,57.08,50.14,"6,306,400"
28-Jul-21,56.48,57.15,55.81,56.72,49.83,"6,167,200"
27-Jul-21,56.16,56.62,55.34,56.33,49.48,"7,363,600"
26-Jul-21,55.71,57.35,55.57,56.87,49.96,"8,756,300"
23-Jul-21,56,56.28,54.74,55.34,48.61,"10,623,800"
22-Jul-21,57.02,57.21,56.18,56.67,49.4,"6,765,500"
21-Jul-21,55.73,57.42,55.61,57.02,49.71,"9,378,000"
20-Jul-21,53.5,55.25,53.28,54.47,47.49,"9,358,200"
19-Jul-21,53.43,54.3,52.82,53.7,46.81,"13,342,100"
16-Jul-21,57.7,57.9,55.31,55.5,48.38,"8,805,300"
15-Jul-21,57,58.22,56.79,57.08,49.76,"8,723,300"
14-Jul-21,59.89,60.61,57.34,57.67,50.28,"8,489,600"
13-Jul-21,59.49,59.99,58.8,59.46,51.84,"6,510,400"
12-Jul-21,58.91,60.44,58.73,59.8,52.13,"6,063,100"
9-Jul-21,59.75,60.46,59.34,60.13,52.42,"6,973,700"
8-Jul-21,58.25,59.64,57.99,59.21,51.62,"10,551,500"
7-Jul-21,60,60.78,58.63,59.01,51.44,"8,239,600"
6-Jul-21,62.78,62.89,60.21,60.28,52.55,"11,699,400"
2-Jul-21,62.46,63.17,61.59,62.75,54.7,"7,635,000"
1-Jul-21,62.69,63.57,62.35,62.88,54.82,"11,637,200"
30-Jun-21,60.48,60.95,59.81,60.9,53.09,"9,309,600"
29-Jun-21,60.1,60.2,58.84,59.05,51.48,"6,437,000"
28-Jun-21,61.12,61.17,59.37,59.59,51.95,"7,647,300"
25-Jun-21,61.7,61.75,61.02,61.31,53.45,"8,099,200"
24-Jun-21,60.97,61.51,60.32,61.39,53.52,"6,424,400"
23-Jun-21,61.1,62.35,60.75,60.76,52.97,"8,184,000"
22-Jun-21,60.15,61.12,59.64,60.79,53,"6,745,100"
21-Jun-21,58.23,60.53,58.21,60.45,52.7,"8,234,300"
18-Jun-21,57.88,59.21,57.48,57.53,50.15,"18,583,800"
17-Jun-21,60.9,61.57,58.55,59.01,51.44,"13,667,200"
16-Jun-21,61.09,61.78,60.56,61.13,53.29,"9,745,800"
15-Jun-21,60.7,61.56,60.47,61.17,53.33,"7,835,700"
14-Jun-21,60.65,61.07,59.85,60.31,52.58,"7,744,300"
11-Jun-21,60.5,60.93,59.8,59.97,52.28,"8,117,000"
10-Jun-21,61.01,61.28,59.28,60.17,52.46,"9,396,000"
9-Jun-21,60.63,60.88,59.58,59.68,52.03,"7,026,300"
8-Jun-21,59.43,60.62,58.63,60.47,52.72,"7,345,200"
7-Jun-21,59.81,60.53,59.59,59.81,52.14,"5,405,100"
4-Jun-21,59.82,60.13,58.9,59.85,52.18,"6,504,800"
3-Jun-21,58.72,60,58.56,59.47,51.84,"8,280,800"
2-Jun-21,58.66,59.41,57.74,58.99,51.43,"6,103,300"
1-Jun-21,57.08,58.48,57.05,58.27,50.8,"9,943,600"
28-May-21,55.8,55.95,55.32,55.74,48.59,"5,745,400"
27-May-21,55.73,56.32,55.12,55.53,48.41,"7,484,100"
26-May-21,55.07,55.56,54.67,55.42,48.31,"6,716,000"
25-May-21,56,56.38,54.77,54.88,47.84,"8,090,600"
24-May-21,56.12,56.26,55.26,56.1,48.91,"6,372,800"
21-May-21,56.06,56.43,55.57,55.65,48.51,"6,032,300"
20-May-21,55.65,55.66,54.63,55.39,48.29,"8,798,800"
19-May-21,55.94,56.53,54.82,55.58,48.45,"9,406,200"
18-May-21,58.27,58.64,56.96,57.29,49.94,"10,322,000"
17-May-21,56.07,58.33,56.07,58.3,50.82,"11,441,900"
14-May-21,55.04,56.65,55.03,56.52,49.27,"6,419,900"
13-May-21,54.61,55.43,53.57,54.24,47.29,"7,581,500"
12-May-21,56.11,57.71,55.46,55.69,48.17,"7,925,100"
11-May-21,55.79,56.72,55.15,55.72,48.2,"9,741,400"
10-May-21,58.21,59.34,56.96,57,49.31,"8,801,700"
7-May-21,55.07,57.34,54.82,57.1,49.39,"9,645,500"
6-May-21,55.5,55.72,53.69,55.7,48.18,"9,648,200"
5-May-21,54.35,55.67,53.22,55.44,47.96,"12,715,300"
4-May-21,51.73,53.03,51.64,52.57,45.48,"12,834,300"
3-May-21,51.92,52.93,51.56,52.74,45.62,"9,325,100"
30-Apr-21,52.18,53.01,50.97,51.14,44.24,"9,448,200"
29-Apr-21,54,54.5,52.85,53.13,45.96,"9,446,900"
28-Apr-21,51.7,53.35,51.67,53.04,45.88,"8,897,100"
27-Apr-21,50.44,51.69,50.26,51.3,44.38,"8,309,600"
26-Apr-21,49.64,50.92,49.6,50.25,43.47,"6,642,400"
23-Apr-21,49.43,50,49.16,49.72,43.01,"5,670,100"
22-Apr-21,50.04,50.08,49.19,49.46,42.79,"6,582,700"
21-Apr-21,48.03,50.13,47.85,50.04,43.29,"7,718,900"
20-Apr-21,50.5,50.64,48.42,48.65,42.08,"11,928,600"
19-Apr-21,51.29,51.73,50.58,50.89,44.02,"6,587,700"
16-Apr-21,52.24,52.3,51.04,51.09,44.2,"7,665,500"
15-Apr-21,52.7,52.81,51.77,51.9,44.9,"6,763,700"
14-Apr-21,51.38,53.56,51.38,52.69,45.58,"8,342,200"
13-Apr-21,50.48,51.33,50.39,50.79,43.94,"6,980,000"
12-Apr-21,51.75,52.24,50.82,50.86,44,"8,564,000"
9-Apr-21,51.37,51.99,50.92,51.23,44.32,"6,665,300"
8-Apr-21,51.62,51.82,51.04,51.24,44.33,"10,040,800"
7-Apr-21,52.79,53.16,52.14,52.38,45.31,"12,408,400"
6-Apr-21,52.62,53.66,52.41,52.58,45.48,"6,253,600"
5-Apr-21,53.91,53.91,51.95,52.21,45.16,"10,460,000"
1-Apr-21,53.12,54.04,52.53,54.02,46.73,"10,165,000"
31-Mar-21,53.31,53.69,52.65,52.97,45.82,"9,293,100"
30-Mar-21,53.2,54.16,53.04,53.43,46.22,"7,910,200"
29-Mar-21,54.5,54.52,53.12,53.84,46.57,"7,901,000"
26-Mar-21,54.66,55.12,54.03,55.04,47.61,"8,723,100"
25-Mar-21,52.06,53.8,51.57,53.57,46.34,"9,275,200"
24-Mar-21,52.76,53.95,52.68,53.21,46.03,"9,671,100"
23-Mar-21,51.12,52.78,50.53,51.71,44.73,"11,853,800"
22-Mar-21,52.86,53.01,52.04,52.24,45.19,"11,003,000"
19-Mar-21,53.29,54.12,52.35,52.6,45.5,"26,925,500"
18-Mar-21,56.41,56.58,53.11,53.38,46.18,"12,297,200"
17-Mar-21,56.32,57.13,55.52,56.83,49.16,"9,461,700"
16-Mar-21,57.08,57.4,55.97,56.58,48.94,"9,399,900"
15-Mar-21,57.89,58.57,56.97,58.16,50.31,"9,825,200"
12-Mar-21,60.24,60.47,58.98,59.19,51.2,"6,758,400"
11-Mar-21,59.51,61.14,59.4,59.83,51.76,"9,328,100"
10-Mar-21,57.86,59.77,57.38,59.42,51.4,"12,002,400"
9-Mar-21,58.63,59.6,57.45,57.9,50.09,"10,193,200"
8-Mar-21,58.77,59.94,57.69,58.78,50.85,"11,283,400"
5-Mar-21,58,59.49,57.11,58.34,50.47,"18,699,600"
4-Mar-21,53.96,56.99,53.68,55.62,48.11,"15,181,000"
3-Mar-21,52.66,54.76,52.55,53.66,46.42,"8,007,500"
2-Mar-21,52.51,53.29,52.24,52.28,45.22,"7,741,100"
1-Mar-21,53.47,53.96,52.17,52.61,45.51,"7,182,500"
26-Feb-21,52.6,52.86,50.86,52.01,44.99,"13,234,100"
25-Feb-21,54.97,55.51,52.02,53.03,45.87,"12,864,500"
24-Feb-21,52,54.89,51.46,54.67,47.29,"12,286,600"
23-Feb-21,52,52.5,49.66,52.1,45.07,"10,796,500"
22-Feb-21,49.17,51.68,48.81,50.88,44.01,"12,331,000"
19-Feb-21,47.65,48.57,47.51,48.42,41.89,"8,502,500"
18-Feb-21,49,49.13,47.63,47.69,41.25,"8,382,200"
17-Feb-21,49.19,49.48,48.26,49.36,42.7,"9,055,700"
16-Feb-21,48,49.23,47.82,48.85,42.26,"11,066,700"
12-Feb-21,46.11,47.22,45.95,47.16,40.8,"8,805,400"
11-Feb-21,46.5,46.52,45.21,46.44,40.17,"8,939,100"
10-Feb-21,47.19,48,46.41,47.25,40.5,"10,853,200"
9-Feb-21,46.22,47.44,45.86,46.88,40.18,"8,990,300"
8-Feb-21,45.25,47.23,45.1,46.78,40.1,"12,181,600"
5-Feb-21,44.89,44.92,44.09,44.42,38.08,"9,543,400"
4-Feb-21,43.61,44.02,42.59,44.01,37.72,"11,372,300"
3-Feb-21,41.25,43.63,41.01,43.21,37.04,"11,133,600"
2-Feb-21,41.55,42.3,40.9,40.97,35.12,"8,834,000"
1-Feb-21,40.43,40.98,39.7,40.71,34.9,"9,229,400"
29-Jan-21,40.61,41.46,39.98,40.03,34.31,"11,660,400"
28-Jan-21,41.11,41.64,40.38,41.11,35.24,"10,283,300"
27-Jan-21,40.98,42.09,40.21,40.65,34.84,"8,841,600"
26-Jan-21,43.07,43.7,41.61,41.68,35.73,"7,616,300"
25-Jan-21,42.13,42.63,41.24,42.58,36.5,"10,739,700"
22-Jan-21,42.06,42.98,41.75,42.69,36.59,"9,535,400"
21-Jan-21,45.41,45.7,42.7,43.19,37.02,"16,897,000"
20-Jan-21,46.37,46.49,45.3,45.36,38.88,"21,178,000"
19-Jan-21,45.15,46.15,44.86,46,39.43,"14,498,800"
15-Jan-21,47.28,47.28,44.53,45.12,38.68,"30,004,600"
14-Jan-21,47.42,48.29,46.77,47.87,41.03,"12,857,900"
13-Jan-21,47.35,47.47,46.6,47.03,40.31,"11,839,900"
12-Jan-21,46.02,47.67,45.72,47.42,40.65,"13,013,700"
11-Jan-21,44.1,45.71,43.31,45.36,38.88,"10,839,600"
8-Jan-21,45,45.48,44.19,44.7,38.32,"9,448,700"
7-Jan-21,44.05,44.99,43.6,44.7,38.32,"9,648,200"
6-Jan-21,42.53,43.95,41.92,43.51,37.3,"11,035,300"
5-Jan-21,40.24,42.87,40,41.84,35.86,"12,393,600"
4-Jan-21,40.5,40.65,39.18,39.57,33.92,"8,597,600"
31-Dec-20,39.91,40.29,39.61,39.99,34.28,"7,612,500"
30-Dec-20,38.99,40.04,38.81,40.01,34.3,"6,268,900"
29-Dec-20,39.36,39.94,38.77,39.07,33.49,"7,003,100"
28-Dec-20,39.56,40.47,39.1,39.3,33.69,"6,178,200"
24-Dec-20,40.01,40.01,38.96,39.49,33.85,"3,530,300"
23-Dec-20,39.41,40.71,39.33,40.08,34.36,"6,137,600"
22-Dec-20,40.2,40.28,38.88,39.03,33.46,"9,189,600"
21-Dec-20,39.41,40.92,38.93,40.24,34.49,"10,998,100"
18-Dec-20,41.99,42.2,40.73,40.98,35.13,"20,819,300"
17-Dec-20,42.77,42.77,41.62,41.97,35.98,"9,294,200"
16-Dec-20,42.85,42.94,42.13,42.32,36.28,"9,311,000"
15-Dec-20,42.66,42.98,41.71,42.8,36.69,"9,853,600"
14-Dec-20,44.08,44.25,42.26,42.32,36.28,"17,094,500"
11-Dec-20,43.51,43.82,43.17,43.48,37.27,"14,242,300"
10-Dec-20,42.61,44.22,42.45,44,37.72,"14,997,800"
9-Dec-20,43.28,43.5,41.72,42.7,36.6,"10,773,100"
8-Dec-20,42,43.44,41.7,42.68,36.58,"10,575,500"
7-Dec-20,43.35,43.44,42.52,42.82,36.7,"10,586,100"
4-Dec-20,42.29,44.35,42.11,44.27,37.95,"12,730,500"
3-Dec-20,40.05,42.15,39.63,41.2,35.32,"16,215,400"
2-Dec-20,39.18,40.97,38.83,39.97,34.26,"12,460,200"
1-Dec-20,40.9,40.95,39.22,39.27,33.66,"12,424,900"
30-Nov-20,41.93,42.04,39.54,39.56,33.91,"20,248,600"
27-Nov-20,43.4,43.91,42.4,42.78,36.67,"4,694,000"
25-Nov-20,44,44.44,43.36,43.63,37.4,"15,644,800"
24-Nov-20,44.08,45.36,43.78,44.41,38.07,"15,439,200"
23-Nov-20,40.36,42.84,40.27,42.71,36.61,"14,643,900"
20-Nov-20,39.31,39.93,39.14,39.65,33.99,"12,037,800"
19-Nov-20,38.71,39.61,38.38,39.47,33.83,"12,504,100"
18-Nov-20,38.96,40.87,38.65,39.18,33.58,"23,319,600"
17-Nov-20,37.52,39.13,37.24,38.85,33.3,"14,466,800"
16-Nov-20,36.95,38.13,36.4,38.08,32.64,"18,701,200"
13-Nov-20,34.35,35.56,34.25,35.36,30.31,"11,997,500"
12-Nov-20,34.6,35.21,33.6,34.01,29.15,"10,944,500"
11-Nov-20,35.96,36.2,35.06,35.28,30.24,"17,225,000"
10-Nov-20,34.35,35.54,33.59,35.53,30.46,"20,650,600"
9-Nov-20,33.16,34.83,32.87,33.38,28.61,"17,614,500"
6-Nov-20,30.13,30.65,28.78,29.19,25.02,"10,484,500"
5-Nov-20,30.1,30.91,30.04,30.12,25.82,"10,316,600"
4-Nov-20,29.59,30.62,29.21,30.38,26.04,"15,178,400"
3-Nov-20,30.72,30.74,29.14,29.31,25.12,"12,131,300"
2-Nov-20,29.42,30.55,28.51,30.23,25.91,"13,762,900"
30-Oct-20,28.93,28.97,27.63,28.62,24.53,"15,681,700"
29-Oct-20,28.12,29.19,27.53,29.16,25,"15,560,100"
28-Oct-20,29.36,29.81,28.55,28.79,24.68,"15,274,500"
27-Oct-20,30.16,30.69,29.96,30.26,25.94,"13,017,800"
26-Oct-20,31.76,31.93,30.08,30.32,25.99,"11,522,800"
23-Oct-20,32.27,33.19,31.92,32.54,27.89,"15,335,200"
22-Oct-20,30.62,31.97,30.47,31.91,27.35,"15,029,400"
21-Oct-20,32.17,32.41,30.58,30.64,26.26,"19,210,200"
20-Oct-20,32.91,33.05,32.07,32.58,27.93,"19,243,000"
19-Oct-20,34.12,34.2,32.68,32.7,28.03,"21,684,100"
16-Oct-20,34.81,34.97,33.75,33.77,28.95,"8,312,900"
15-Oct-20,33.87,35.47,33.67,35.4,29.98,"8,633,700"
14-Oct-20,34.04,35.53,34.04,34.53,29.24,"9,817,400"
13-Oct-20,35.53,36,34.7,34.88,29.54,"8,121,000"
12-Oct-20,35.07,35.84,34.73,35.59,30.14,"7,214,600"
9-Oct-20,35.94,35.97,34.84,35.13,29.75,"6,382,000"
8-Oct-20,34.5,35.62,34.3,35.53,30.09,"6,758,800"
7-Oct-20,33.47,34.53,33.32,34.33,29.07,"6,633,200"
6-Oct-20,34.88,35.08,33.12,33.3,28.2,"6,645,600"
5-Oct-20,33.56,34.31,33.23,34.28,29.03,"5,652,500"
2-Oct-20,31.58,33.29,31.45,33.07,28,"7,069,100"
1-Oct-20,32.23,32.74,31.69,32.43,27.46,"7,929,600"
30-Sep-20,32.73,33.29,32.55,32.84,27.81,"8,111,700"
29-Sep-20,33.72,33.78,32.17,32.46,27.49,"6,662,600"
28-Sep-20,34.34,34.74,33.62,33.71,28.54,"8,958,400"
25-Sep-20,33.09,33.99,32.98,33.7,28.54,"5,240,900"
24-Sep-20,32.81,34.26,32.46,33.6,28.45,"7,084,000"
23-Sep-20,34.36,34.59,32.88,32.92,27.88,"7,714,500"
22-Sep-20,34.34,34.81,34.01,34.3,29.04,"7,963,000"
21-Sep-20,34.81,35.08,34.09,34.36,29.09,"11,316,000"
18-Sep-20,35.8,36.45,35.4,35.87,30.37,"12,409,800"
17-Sep-20,34.4,36.11,34.16,36.09,30.56,"13,147,700"
16-Sep-20,34.12,35.53,33.65,35.08,29.7,"9,240,700"
15-Sep-20,33.73,34.22,33.61,33.8,28.62,"8,333,400"
14-Sep-20,33.24,33.87,33.01,33.52,28.38,"5,436,000"
11-Sep-20,32.88,33.44,32.64,33.11,28.04,"6,769,100"
10-Sep-20,34.43,34.52,32.86,32.92,27.88,"8,582,800"
9-Sep-20,34.85,34.85,34.22,34.46,29.18,"6,440,000"
8-Sep-20,35.3,35.3,33.74,34.06,28.84,"9,338,600"
4-Sep-20,36.36,36.69,35.67,35.86,30.36,"8,285,300"
3-Sep-20,36.03,36.87,35.84,35.99,30.48,"8,733,400"
2-Sep-20,37,37.17,36.38,36.38,30.81,"7,441,600"
1-Sep-20,37.42,37.6,36.62,37.16,31.47,"6,267,700"
31-Aug-20,38.35,38.45,37.57,37.89,32.08,"6,165,700"
28-Aug-20,38.33,38.46,37.88,38.38,32.5,"5,058,100"
27-Aug-20,37.77,38.28,37.5,38.15,32.3,"6,231,600"
26-Aug-20,38.83,38.96,37.52,37.56,31.8,"6,753,300"
25-Aug-20,39.41,39.45,38.45,38.85,32.9,"4,160,600"
24-Aug-20,38.34,39.56,38.09,38.87,32.91,"5,357,400"
21-Aug-20,38.64,38.81,37.95,38.16,32.31,"5,034,200"
20-Aug-20,39.06,39.31,38.73,38.77,32.83,"3,943,200"
19-Aug-20,40.11,40.32,39.52,39.65,33.57,"4,526,200"
18-Aug-20,40.62,41.33,40.13,40.33,34.15,"5,711,500"
17-Aug-20,40.75,40.98,39.91,40.7,34.46,"6,089,300"
14-Aug-20,40.22,41,39.96,40.82,34.56,"3,349,800"
13-Aug-20,41.15,41.83,40.62,40.63,34.4,"8,286,400"
12-Aug-20,40.37,41.68,40.25,41.66,35.28,"11,822,500"
11-Aug-20,40.57,41.15,39.58,39.71,33.63,"7,975,900"
10-Aug-20,38.51,39.67,38.45,39.64,33.57,"5,612,600"
7-Aug-20,37.87,38.39,37.35,38.3,32.43,"4,445,300"
6-Aug-20,37.64,38.43,37.61,38.05,32.22,"6,588,700"
5-Aug-20,38.5,38.69,37.71,38.02,32.19,"7,315,000"
4-Aug-20,36.66,38.07,36.47,37.64,31.87,"5,808,100"
3-Aug-20,37.27,37.39,36.69,36.71,31.08,"8,064,700"
31-Jul-20,37.05,37.6,36.71,37.39,31.66,"7,719,900"
30-Jul-20,38.12,38.47,35.9,37.64,31.87,"13,421,000"
29-Jul-20,38.97,39.94,38.6,39.94,33.82,"6,305,200"
28-Jul-20,39.57,39.96,38.8,38.96,32.99,"6,188,300"
27-Jul-20,39.92,40.48,39.44,39.77,33.68,"5,312,400"
24-Jul-20,40.74,41.36,40.16,40.28,34.11,"5,202,600"
23-Jul-20,40.53,41.13,40.23,40.46,34.26,"5,953,500"
22-Jul-20,41.07,41.25,40.32,40.89,34.62,"5,158,400"
21-Jul-20,40.1,42.08,40,41.66,35.28,"7,950,900"
20-Jul-20,39.96,40.34,39.24,39.33,33.3,"6,407,600"
17-Jul-20,41.35,41.67,39.78,39.96,33.84,"6,699,300"
16-Jul-20,41.29,42.06,40.66,41.59,34.86,"4,655,700"
15-Jul-20,42.19,42.42,41.05,41.62,34.89,"5,777,100"
14-Jul-20,39.44,41.34,39.27,41.31,34.63,"4,953,500"
13-Jul-20,40.13,40.51,39,39.66,33.24,"5,887,000"
10-Jul-20,38.36,39.82,38.22,39.69,33.27,"9,218,300"
9-Jul-20,40.66,40.89,38.29,38.35,32.15,"9,189,500"
8-Jul-20,40.58,41.57,40.3,41.04,34.4,"4,896,800"
7-Jul-20,41.15,41.63,40.57,40.64,34.06,"5,995,100"
6-Jul-20,42.63,42.87,41.36,41.63,34.89,"5,825,100"
2-Jul-20,41.82,42.51,41.58,41.78,35.02,"4,775,000"
1-Jul-20,42.35,42.83,40.68,40.74,34.15,"5,600,000"
30-Jun-20,40.87,42.34,40.28,42.02,35.22,"6,313,900"
29-Jun-20,40.4,41.35,39.92,41.3,34.62,"5,764,800"
26-Jun-20,41.57,41.62,40.16,40.35,33.82,"8,399,400"
25-Jun-20,40.66,42.12,40.51,42.06,35.26,"5,981,000"
24-Jun-20,43,43.17,40.93,40.99,34.36,"7,137,200"
23-Jun-20,44.12,44.53,43.59,43.81,36.72,"4,962,200"
22-Jun-20,43.24,43.98,42.66,43.56,36.51,"5,009,100"
19-Jun-20,45.9,45.9,43.38,43.7,36.63,"13,702,800"
18-Jun-20,43.53,44.84,43.18,44.45,37.26,"7,293,700"
17-Jun-20,44.99,45.1,43.91,44.02,36.9,"5,967,200"
16-Jun-20,45.3,45.68,43.6,45.11,37.81,"6,932,400"
15-Jun-20,41.07,43.91,40.85,43.35,36.34,"7,992,100"
12-Jun-20,45.31,45.41,42.11,43.73,36.66,"8,928,400"
11-Jun-20,42.08,44.25,41.8,42.12,35.31,"8,435,200"
10-Jun-20,48.04,48.29,45.87,45.91,38.48,"7,882,300"
9-Jun-20,48.25,49.19,47.88,48.63,40.76,"8,203,600"
8-Jun-20,50.21,50.79,48.81,50.31,42.17,"10,242,200"
5-Jun-20,47.39,48.78,47.03,48.59,40.73,"11,578,800"
4-Jun-20,44.68,45.13,44.18,44.71,37.48,"5,577,000"
3-Jun-20,45.11,45.23,44.02,45.12,37.82,"8,024,200"
2-Jun-20,44.02,44.69,43.7,44.2,37.05,"5,858,300"
1-Jun-20,42.26,43.7,41.64,43.39,36.37,"6,344,300"
29-May-20,42.61,42.78,41.67,42.18,35.36,"10,172,200"
28-May-20,44.72,44.72,42.78,43.01,36.05,"5,871,500"
27-May-20,44.34,44.68,42.96,44.67,37.44,"5,768,100"
26-May-20,44.81,45.12,43.5,43.67,36.6,"7,702,600"
22-May-20,42.91,43.36,42.3,43.28,36.28,"4,674,000"
21-May-20,44.39,44.87,43.62,43.72,36.65,"6,646,000"
20-May-20,43.59,44.8,43.3,44.15,37.01,"7,203,000"
19-May-20,43.7,43.88,42.61,42.67,35.77,"6,126,300"
18-May-20,43.45,44.61,43.17,43.6,36.55,"9,047,300"
15-May-20,39.87,41.55,39.72,40.87,34.26,"7,242,300"
14-May-20,38.93,40.46,37.78,39.93,33.47,"6,718,700"
13-May-20,41.02,41.18,39.54,39.89,33.44,"7,666,400"
12-May-20,42.62,43.15,41.53,41.58,34.85,"7,375,900"
11-May-20,42.23,43.28,42.08,42.27,35.43,"7,076,800"
8-May-20,43.12,43.35,42.06,43.08,36.11,"6,974,200"
7-May-20,42,43.35,41.91,42.42,35.2,"9,520,700"
6-May-20,41.09,41.83,39.82,40.49,33.6,"8,213,000"
5-May-20,43.1,43.57,40.66,40.92,33.96,"10,096,700"
4-May-20,38.62,40.4,38.15,40.36,33.5,"12,515,600"
1-May-20,40.54,41.3,38.71,39.14,32.48,"9,256,700"
30-Apr-20,42.58,43.58,40.84,42.1,34.94,"11,760,700"
29-Apr-20,40.07,42.55,39.64,42.21,35.03,"12,958,100"
28-Apr-20,37.89,38.99,37.56,38.48,31.94,"9,445,700"
27-Apr-20,35.87,37.41,34.68,37.15,30.83,"8,302,500"
24-Apr-20,36.97,37.3,35.78,36.09,29.95,"8,683,900"
23-Apr-20,36.61,37.2,35.37,36.18,30.03,"9,849,600"
22-Apr-20,35.2,35.53,34.54,34.98,29.03,"12,048,400"
21-Apr-20,32.95,34.13,32.61,33.19,27.54,"13,639,500"
20-Apr-20,32.47,35.67,32.4,34.57,28.69,"13,226,400"
17-Apr-20,31.98,35.37,31.85,35.26,29.26,"13,162,600"
16-Apr-20,31.84,32.23,30.52,31.07,25.79,"13,220,600"
15-Apr-20,32.17,33,30.73,32.2,26.72,"11,354,700"
14-Apr-20,34.37,34.47,33.67,34.08,28.28,"11,082,200"
13-Apr-20,35.94,35.98,33.77,34.3,28.47,"10,222,000"
9-Apr-20,37.93,37.98,33.29,34.73,28.82,"14,176,800"